huff_rank,selected_for_next_step,selection_method,ykiho,hospital_name,hospital_type,disease,specialist_score,hospital_weight,capability_score,straight_distance_km,huff_utility,huff_probability,cumulative_probability,kneedle_score,tmap_success,tmap_error,route_distance_km,route_duration_min,taxi_fare,toll_fare,final_utility,final_probability,is_pareto,matched_reason
1,True,kneedle,JDQ4MTYyMiM4MSMkMSMkMCMkODkkMzgxMzUxIzExIyQxIyQzIyQ4OSQzNjE0ODEjODEjJDEjJDYjJDgz,영남대학교병원,상급종합,급성심근경색,66.0,2.0,132.0,3.1223798139035357,12.712192905008628,0.4192190819885717,0.4192190819885717,0.4192190819885717,True,,5.677,12.116666666666667,9610,0,0.8844402174621108,0.32639286753678226,True,내과·응급의학과 전문의 각각 1명 이상; 특수진료 응급의료기관 포함; 심장혈관흉부외과 전문의 1명 이상; 특수진료 경피적 좌심방이 폐색술·경피적 대동맥판삽입·심장질환자 재택의료 포함
2,True,kneedle,JDQ4MTYyMiM4MSMkMSMkMCMkODkkMzgxMzUxIzExIyQxIyQzIyQ3OSQyNjE4MzIjNTEjJDEjJDYjJDgz,대구파티마병원,종합병원,급성심근경색,50.0,1.0,50.0,2.5183399132362867,7.293197127564272,0.24051298052396156,0.6597320625125332,0.6538841092961589,True,,4.534,9.133333333333333,8410,0,0.5864796882534635,0.21643383399096344,True,내과·응급의학과 전문의 각각 1명 이상; 특수진료 응급의료기관 포함; 심장혈관흉부외과 전문의 1명 이상
3,True,kneedle,JDQ4MTYyMiM4MSMkMSMkMCMkODkkMzgxMzUxIzExIyQxIyQzIyQ3OSQ0NjEwMDIjNTEjJDEjJDIjJDgz,대구가톨릭대학교병원,상급종합,급성심근경색,66.0,2.0,132.0,4.3142005416283125,6.774384018240497,0.2234037093667676,0.8831357718793008,0.8714398654465523,True,,6.788,15.5,11050,0,0.5424063116370809,0.20016904244052044,False,내과·응급의학과 전문의 각각 1명 이상; 특수진료 응급의료기관 포함; 심장혈관흉부외과 전문의 1명 이상; 특수진료 경피적 좌심방이 폐색술·경피적 대동맥판삽입·심장질환자 재택의료 포함
4,True,kneedle,JDQ4MTYyMiM4MSMkMSMkMCMkODkkMzgxMzUxIzExIyQxIyQzIyQ3OSQyNjEyMjIjNjEjJDEjJDQjJDgz,계명대학교동산병원,상급종합,급성심근경색,83.0,2.0,166.0,11.100304972377712,1.3232697713377415,0.043638414151571485,0.9267741860308722,0.9092303263817494,True,,18.979,20.266666666666666,22330,0,0.40019179205027305,0.1476863489392012,True,내과·응급의학과 전문의 각각 1명 이상; 특수진료 응급의료기관 포함; 심장혈관흉부외과 전문의 1명 이상; 특수진료 경피적 좌심방이 폐색술·경피적 대동맥판삽입·심실 보조장치·심장질환자 재택의료 포함
5,True,kneedle,JDQ4MTYyMiM4MSMkMSMkMCMkODkkMzgxMzUxIzExIyQxIyQzIyQ2MiQzNjEyMjIjNzEjJDEjJDgjJDgz,칠곡경북대학교병원,상급종합,급성심근경색,52.0,2.0,104.0,10.015775235468828,1.0163305893525223,0.03351626110845108,0.9602904471393233,0.9368986342738262,True,,13.568,19.633333333333333,17410,0,0.2670745069393718,0.09856088907405233,False,내과·응급의학과 전문의 각각 1명 이상; 특수진료 응급의료기관 포함; 심장혈관흉부외과 전문의 1명 이상
6,True,kneedle,JDQ4MTYyMiM4MSMkMSMkMCMkODkkMzgxMzUxIzExIyQxIyQzIyQ3MiQzNjE0ODEjODEjJDEjJDIjJDgz,더블유병원,종합병원,급성심근경색,8.0,1.0,8.0,5.498657082596086,0.25522443518761484,0.008416718832062986,0.9687071659713863,0.9394673998895149,True,,7.319,16.466666666666665,11770,0,0.029148735471177162,0.010757018018480384,False,내과·응급의학과 전문의 각각 1명 이상; 특수진료 응급의료기관 포함; 심장혈관흉부외과 전문의 1명 이상
7,False,,JDQ4MTYyMiM4MSMkMSMkMCMkODkkMzgxMzUxIzExIyQxIyQzIyQ3MiQzNjE4MzIjNTEjJDEjJDIjJDgz,나사렛종합병원,종합병원,급성심근경색,15.0,1.0,15.0,9.329802918857949,0.16868871374631544,0.005562968423072032,0.9742701343944583,0.9391824150962127,,,,,,,,,,내과·응급의학과 전문의 각각 1명 이상; 특수진료 응급의료기관 포함; 심장혈관흉부외과 전문의 1명 이상
8,False,,JDQ4MTYyMiM4MSMkMSMkMCMkODkkMzgxMzUxIzExIyQyIyQzIyQwMCQzNjE4MzIjODEjJDEjJDIjJDgz,대구가톨릭대학교 칠곡가톨릭병원,종합병원,급성심근경색,7.0,1.0,7.0,8.469977214156938,0.09531005179705197,0.0031431077798465983,0.9774132421743049,0.936477569659685,,,,,,,,,,내과·응급의학과 전문의 각각 1명 이상; 특수진료 응급의료기관 포함; 심장혈관흉부외과 전문의 1명 이상
9,False,,JDQ4MTYyMiM4MSMkMSMkMCMkODkkMzgxMzUxIzExIyQxIyQzIyQ2MiQ0NjEwMDIjNDEjJDEjJDgjJDgz,(재)미리내천주성삼성직수도회천주성삼병원,종합병원,급성심근경색,7.0,1.0,7.0,10.018475358388438,0.06837036261248022,0.0022546983721696656,0.9796679405464745,0.9328843148154804,,,,,,,,,,내과·응급의학과 전문의 각각 1명 이상; 특수진료 응급의료기관 포함; 심장혈관흉부외과 전문의 1명 이상
10,False,,JDQ4MTYyMiM4MSMkMSMkMCMkODkkMzgxMzUxIzExIyQxIyQzIyQ4MiQyNjE0ODEjNTEjJDEjJDIjJDgz,의료법인 서명의료재단 세명종합병원,종합병원,급성심근경색,11.0,1.0,11.0,13.223291265290495,0.06196830834426898,0.0020435732474004304,0.981711513793875,0.9290799348465066,,,,,,,,,,내과·응급의학과 전문의 각각 1명 이상; 특수진료 응급의료기관 포함; 심장혈관흉부외과 전문의 1명 이상
11,False,,JDQ4MTYyMiM4MSMkMSMkNCMkODkkMzgxMzUxIzExIyQxIyQzIyQ3MiQyNjE0ODEjODEjJDEjJDYjJDgz,양산부산대학교병원,상급종합,급성심근경색,92.0,2.0,184.0,70.60680863094423,0.036804027930178285,0.0012137127651903439,0.9829252265590653,0.9244456943953226,,,,,,,,,,내과·응급의학과 전문의 각각 1명 이상; 특수진료 응급의료기관 포함; 심장혈관흉부외과 전문의 1명 이상; 특수진료 경피적 좌심방이 폐색술·경피적 대동맥판삽입·심실 보조장치·심장질환자 재택의료 포함
12,False,,JDQ4MTYyMiM4MSMkMSMkNCMkODkkMzgxMzUxIzExIyQxIyQzIyQ3MiQyNjEyMjIjNjEjJDEjJDQjJDgz,학교법인성균관대학삼성창원병원,상급종합,급성심근경색,62.0,2.0,124.0,69.93582723488815,0.025280238082984522,0.0008336845012339048,0.9837589110602992,0.9194314256801823,,,,,,,,,,내과·응급의학과 전문의 각각 1명 이상; 특수진료 응급의료기관 포함; 심장혈관흉부외과 전문의 1명 이상; 특수진료 경피적 좌심방이 폐색술·경피적 대동맥판삽입 포함
13,False,,JDQ4MTYyMiM4MSMkMSMkMCMkODkkMzgxMzUxIzExIyQyIyQzIyQwMCQzNjE0ODEjNTEjJDEjJDYjJDgz,차의과학대학교부속구미차병원,종합병원,급성심근경색,32.0,1.0,32.0,35.80042747707605,0.024828514627824823,0.0008187876936099313,0.9845776987539091,0.9144022601574179,,,,,,,,,,내과·응급의학과 전문의 각각 1명 이상; 특수진료 응급의료기관 포함; 심장혈관흉부외과 전문의 1명 이상
14,False,,JDQ4MTYyMiM4MSMkMSMkMCMkODkkMzgxMzUxIzExIyQxIyQzIyQ2MiQzNjE0ODEjNDEjJDEjJDgjJDgz,순천향대학교 부속 구미병원,종합병원,급성심근경색,22.0,1.0,22.0,32.400516007860006,0.020827740990656183,0.0006868513185131456,0.9852645500724222,0.9092411582595568,,,,,,,,,,내과·응급의학과 전문의 각각 1명 이상; 특수진료 응급의료기관 포함; 심장혈관흉부외과 전문의 1명 이상
15,False,,JDQ4MTYyMiM4MSMkMSMkNCMkODkkMzgxMzUxIzExIyQxIyQzIyQ5OSQyNjE4MzIjNDEjJDEjJDgjJDgz,학교법인 울산공업학원 울산대학교병원,상급종합,급성심근경색,73.0,2.0,146.0,84.32298637874497,0.02048478613220589,0.0006755414507352261,0.9859400915231574,0.9040687464939177,,,,,,,,,,내과·응급의학과 전문의 각각 1명 이상; 특수진료 응급의료기관 포함; 심장혈관흉부외과 전문의 1명 이상; 특수진료 경피적 좌심방이 폐색술·경피적 대동맥판삽입·심장질환자 재택의료 포함
16,False,,JDQ4MTAxMiM1MSMkMSMkMCMkODkkMzgxMzUxIzExIyQxIyQzIyQ3OSQyNjEyMjIjNDEjJDEjJDgjJDgz,부산대학교병원,상급종합,급성심근경색,78.0,2.0,156.0,93.64580137557769,0.0177509232595414,0.0005853848984924195,0.9865254764216499,0.8988061781760359,,,,,,,,,,내과·응급의학과 전문의 각각 1명 이상; 특수진료 응급의료기관 포함; 특수진료 경피적 좌심방이 폐색술·경피적 대동맥판삽입·심실 보조장치 포함
17,False,,JDQ4MTAxMiM1MSMkMSMkMCMkODkkMzgxMzUxIzExIyQxIyQzIyQ3OSQzNjEyMjIjNTEjJDEjJDYjJDgz,인제대학교부산백병원,상급종합,급성심근경색,66.0,2.0,132.0,89.13281670230315,0.016577717215626946,0.0005466952432623231,0.9870721716649122,0.8935049202029239,,,,,,,,,,내과·응급의학과 전문의 각각 1명 이상; 특수진료 응급의료기관 포함; 심장혈관흉부외과 전문의 1명 이상; 특수진료 경피적 좌심방이 폐색술·경피적 대동맥판삽입 포함
18,False,,JDQ4MTAxMiM1MSMkMSMkMCMkODkkMzgxMzUxIzExIyQyIyQzIyQwMCQ0NjEwMDIjNDEjJDEjJDQjJDgz,동아대학교병원,상급종합,급성심근경색,64.0,2.0,128.0,91.63529959746258,0.01521027276606953,0.0005016000491366925,0.9875737717140489,0.8881585670356864,,,,,,,,,,내과·응급의학과 전문의 각각 1명 이상; 특수진료 응급의료기관 포함; 심장혈관흉부외과 전문의 1명 이상; 특수진료 경피적 좌심방이 폐색술 포함
19,False,,JDQ4MTYyMiM2MSMkMSMkMiMkODkkMzgxMzUxIzExIyQxIyQzIyQ3OSQyNjEwMDIjNjEjJDEjJDgjJDgz,충남대학교병원,상급종합,급성심근경색,97.0,2.0,194.0,117.51698934685369,0.014023667717821384,0.000462468525352657,0.9880362402394016,0.8827730823446648,,,,,,,,,,내과·응급의학과 전문의 각각 1명 이상; 특수진료 응급의료기관 포함; 심장혈관흉부외과 전문의 1명 이상; 특수진료 경피적 좌심방이 폐색술·경피적 대동맥판삽입·심실 보조장치·심장질환자 재택의료 포함
20,False,,JDQ4MTAxMiM1MSMkMSMkMCMkODkkMzgxMzUxIzExIyQxIyQzIyQ3OSQyNjE4MzIjODEjJDEjJDYjJDgz,고신대학교복음병원,상급종합,급성심근경색,62.0,2.0,124.0,95.5023531597005,0.013567021738322811,0.0004474093841211124,0.9884836496235228,0.8773725385124116,,,,,,,,,,내과·응급의학과 전문의 각각 1명 이상; 특수진료 응급의료기관 포함; 심장혈관흉부외과 전문의 1명 이상; 특수진료 경피적 좌심방이 폐색술·경피적 대동맥판삽입·심장질환자 재택의료 포함
21,False,,JDQ4MTg4MSM1MSMkMSMkMCMkODkkMzgxMzUxIzExIyQxIyQzIyQwMyQyNjE0ODEjNDEjJDEjJDQjJDgz,재단법인아산사회복지재단 서울아산병원,상급종합,급성심근경색,343.0,2.0,686.0,227.15320591112126,0.013283241803304768,0.00043805097013746623,0.9889217005936602,0.8719626362661749,,,,,,,,,,내과·응급의학과 전문의 각각 1명 이상; 특수진료 응급의료기관 포함; 심장혈관흉부외과 전문의 1명 이상; 특수진료 경피적 좌심방이 폐색술·경피적 대동맥판삽입·심실 보조장치·심장질환자 재택의료 포함
22,False,,JDQ4MTYyMiM4MSMkMSMkMCMkODkkMzgxMzUxIzExIyQxIyQzIyQ5OSQyNjEwMDIjNDEjJDEjJDgjJDgz,의료법인한성재단포항세명기독병원,종합병원,급성심근경색,52.0,1.0,52.0,70.39664843871489,0.010463245208939704,0.00034505392451878044,0.989266754518179,0.8664597369743194,,,,,,,,,,내과·응급의학과 전문의 각각 1명 이상; 특수진료 응급의료기관 포함; 심장혈관흉부외과 전문의 1명 이상; 특수진료 심장질환자 재택의료 포함
23,False,,JDQ4MTg4MSM1MSMkMSMkMCMkODkkMzgxMzUxIzExIyQxIyQzIyQxMyQzNjEwMDIjODEjJDEjJDIjJDgz,삼성서울병원,상급종합,급성심근경색,255.0,2.0,510.0,224.9536373460673,0.010069272710159123,0.0003320616115086101,0.9895988161296876,0.8609438453694537,,,,,,,,,,내과·응급의학과 전문의 각각 1명 이상; 특수진료 응급의료기관 포함; 심장혈관흉부외과 전문의 1명 이상; 특수진료 경피적 좌심방이 폐색술·경피적 대동맥판삽입·심실 보조장치·심장질환자 재택의료 포함
24,False,,JDQ4MTYyMiM4MSMkMSMkMCMkODkkMzgxMzUxIzExIyQxIyQzIyQ5OSQyNjE0ODEjNTEjJDEjJDYjJDgz,동국대학교의과대학경주병원,종합병원,급성심근경색,29.0,1.0,29.0,53.65994723155711,0.010034144024950072,0.00033090314771917203,0.9899297192774068,0.8554267953007986,,,,,,,,,,내과·응급의학과 전문의 각각 1명 이상; 특수진료 응급의료기관 포함; 심장혈관흉부외과 전문의 1명 이상
25,False,,JDQ4MTg4MSM1MSMkMSMkMCMkODkkMzgxMzUxIzExIyQxIyQzIyQ5OSQyNjE0ODEjNjEjJDEjJDgjJDgz,연세대학교의과대학세브란스병원,상급종합,급성심근경색,267.0,2.0,534.0,239.28327250648064,0.009318664101912764,0.00030730825431578637,0.9902370275317226,0.8498861503387402,,,,,,,,,,내과·응급의학과 전문의 각각 1명 이상; 특수진료 응급의료기관 포함; 심장혈관흉부외과 전문의 1명 이상; 특수진료 경피적 좌심방이 폐색술·경피적 대동맥판삽입·심실 보조장치·심장질환자 재택의료 포함
26,False,,JDQ4MTYyMiM4MSMkMSMkMCMkODkkMzgxMzUxIzExIyQxIyQzIyQ3OSQzNjEyMjIjODEjJDEjJDIjJDgz,포항성모병원,종합병원,급성심근경색,43.0,1.0,43.0,68.40047140337123,0.009163920969944027,0.00030220517932213906,0.9905392327110447,0.844340402301688,,,,,,,,,,내과·응급의학과 전문의 각각 1명 이상; 특수진료 응급의료기관 포함; 심장혈관흉부외과 전문의 1명 이상
27,False,,JDQ4MTAxMiM1MSMkMSMkMCMkODkkMzgxMzUxIzExIyQxIyQzIyQ4MiQyNjE0ODEjODEjJDEjJDIjJDgz,인제대학교 해운대백병원,종합병원,급성심근경색,79.0,1.0,79.0,93.72391167545587,0.008974288366343708,0.0002959515292563738,0.990835184240301,0.83878840061457,,,,,,,,,,내과·응급의학과 전문의 각각 1명 이상; 특수진료 응급의료기관 포함; 심장혈관흉부외과 전문의 1명 이상
28,False,,JDQ4MTYyMiM4MSMkMSMkNCMkODkkMzgxMzUxIzExIyQxIyQzIyQ4MiQyNjE4MzIjNDEjJDEjJDgjJDgz,창원경상국립대학교병원,종합병원,급성심근경색,50.0,1.0,50.0,75.37579572992887,0.008777171888739993,0.00028945107812230613,0.9911246353184233,0.833229898476318,,,,,,,,,,내과·응급의학과 전문의 각각 1명 이상; 특수진료 응급의료기관 포함; 심장혈관흉부외과 전문의 1명 이상; 특수진료 경피적 대동맥판삽입·심실 보조장치 포함
29,False,,JDQ4MTYyMiM2MSMkMSMkNiMkODkkMzgxMzUxIzExIyQxIyQzIyQ3OSQyNjEwMDIjNDEjJDEjJDQjJDgz,전북대학교병원,상급종합,급성심근경색,72.0,2.0,144.0,131.6216485537678,0.008299428296700403,0.0002736961858250181,0.9913983315042484,0.8276556414457689,,,,,,,,,,내과·응급의학과 전문의 각각 1명 이상; 특수진료 응급의료기관 포함; 심장혈관흉부외과 전문의 1명 이상; 특수진료 경피적 좌심방이 폐색술·경피적 대동맥판삽입·심장질환자 재택의료 포함
30,False,,JDQ4MTYyMiM2MSMkMSMkMiMkODkkMzgxMzUxIzExIyQxIyQzIyQ5OSQzNjE0ODEjNjEjJDEjJDQjJDgz,학교법인 건양교육재단 건양대학교병원,상급종합,급성심근경색,60.0,2.0,120.0,123.02838053802456,0.00791525500884769,0.0002610270284057116,0.9916593585326541,0.8220687152578003,,,,,,,,,,내과·응급의학과 전문의 각각 1명 이상; 특수진료 응급의료기관 포함; 심장혈관흉부외과 전문의 1명 이상; 특수진료 경피적 대동맥판삽입·심장질환자 재택의료 포함
31,False,,JDQ4MTYyMiM1MSMkMSMkMCMkODkkMzgxMzUxIzExIyQxIyQzIyQwMyQyNjEwMDIjNTEjJDEjJDYjJDgz,분당서울대학교병원,상급종합,급성심근경색,172.0,2.0,344.0,210.93278378044053,0.007724290290688075,0.0002547294482448931,0.991914087980899,0.8164754914896709,,,,,,,,,,내과·응급의학과 전문의 각각 1명 이상; 특수진료 응급의료기관 포함; 심장혈관흉부외과 전문의 1명 이상; 특수진료 경피적 좌심방이 폐색술·경피적 대동맥판삽입·심실 보조장치·심장질환자 재택의료 포함
32,False,,JDQ4MTYyMiM4MSMkMSMkNCMkODkkMzgxMzUxIzExIyQxIyQzIyQ2MiQ0NjE0ODEjNzEjJDEjJDgjJDgz,창원한마음병원,종합병원,급성심근경색,39.0,1.0,39.0,70.98829191149385,0.007717354469908418,0.00025450072071992456,0.992168588701619,0.8108820389940166,,,,,,,,,,내과·응급의학과 전문의 각각 1명 이상; 특수진료 응급의료기관 포함; 심장혈관흉부외과 전문의 1명 이상
33,False,,JDQ4MTYyMiM4MSMkMSMkNCMkODkkMzgxMzUxIzExIyQxIyQzIyQ4OSQyNjEwMDIjODEjJDEjJDIjJDgz,창원파티마병원,종합병원,급성심근경색,38.0,1.0,38.0,70.62446964695965,0.007597036233826067,0.0002505329001516059,0.9924191216017706,0.805284618677794,,,,,,,,,,내과·응급의학과 전문의 각각 1명 이상; 특수진료 응급의료기관 포함; 심장혈관흉부외과 전문의 1명 이상
34,False,,JDQ4MTg4MSM1MSMkMSMkMCMkODkkMzgxMzUxIzExIyQxIyQzIyQ3OSQzNjE4MzIjODEjJDEjJDYjJDgz,서울대학교병원,상급종합,급성심근경색,214.0,2.0,428.0,237.64200049247535,0.007572372043736254,0.000249719531505873,0.9926688411332765,0.7996863849929257,,,,,,,,,,내과·응급의학과 전문의 각각 1명 이상; 특수진료 응급의료기관 포함; 심장혈관흉부외과 전문의 1명 이상; 특수진료 경피적 좌심방이 폐색술·경피적 대동맥판삽입·심실 보조장치·심장질환자 재택의료 포함
35,False,,JDQ4MTYyMiM1MSMkMSMkOCMkODkkMzgxMzUxIzExIyQxIyQzIyQ4OSQyNjEyMjIjODEjJDEjJDIjJDgz,충북대학교병원,상급종합,급성심근경색,57.0,2.0,114.0,132.1221689371166,0.006520731193097701,0.0002150388186437615,0.9928838799519202,0.794053470595195,,,,,,,,,,내과·응급의학과 전문의 각각 1명 이상; 특수진료 응급의료기관 포함; 심장혈관흉부외과 전문의 1명 이상
36,False,,JDQ4MTYyMiM4MSMkMSMkNCMkODkkMzgxMzUxIzExIyQxIyQzIyQ3OSQ0NjE0ODEjODEjJDEjJDIjJDgz,의료법인 동강의료재단 동강병원,종합병원,급성심근경색,34.0,1.0,34.0,72.46203180283153,0.0064574350598004225,0.00021295145676272393,0.9930968314086829,0.7884184688355835,,,,,,,,,,내과·응급의학과 전문의 각각 1명 이상; 특수진료 응급의료기관 포함; 심장혈관흉부외과 전문의 1명 이상; 특수진료 심장질환자 재택의료 포함
37,False,,JDQ4MTYyMiM4MSMkMSMkMCMkODkkMzgxMzUxIzExIyQxIyQzIyQ4OSQyNjEyMjIjNTEjJDEjJDIjJDgz,의료법인안동병원,종합병원,급성심근경색,37.0,1.0,37.0,75.62541030356853,0.006452357972646552,0.00021278402602660108,0.9933096154347095,0.7827832996452359,,,,,,,,,,내과·응급의학과 전문의 각각 1명 이상; 특수진료 응급의료기관 포함; 심장혈관흉부외과 전문의 1명 이상; 특수진료 심장질환자 재택의료 포함
38,False,,JDQ4MTg4MSM1MSMkMSMkMCMkODkkMzgxMzUxIzExIyQyIyQzIyQwMCQyNjE4MzIjODEjJDEjJDIjJDgz,학교법인가톨릭학원가톨릭대학교서울성모병원,상급종합,급성심근경색,168.0,2.0,336.0,230.41056274085844,0.006323501347879708,0.00020853462890475447,0.9935181500636143,0.7771438810577664,,,,,,,,,,내과·응급의학과 전문의 각각 1명 이상; 특수진료 응급의료기관 포함; 심장혈관흉부외과 전문의 1명 이상; 특수진료 경피적 좌심방이 폐색술·경피적 대동맥판삽입·심실 보조장치·심장질환자 재택의료 포함
39,False,,JDQ4MTYyMiM3MSMkMSMkMCMkODkkMzgxMzUxIzExIyQxIyQzIyQ3OSQyNjEwMDIjNTEjJDEjJDYjJDgz,전남대학교병원,상급종합,급성심근경색,94.0,2.0,188.0,172.33894689476693,0.006322475068494964,0.00020850078455510128,0.9937266508481695,0.7715044286259473,,,,,,,,,,내과·응급의학과 전문의 각각 1명 이상; 특수진료 응급의료기관 포함; 심장혈관흉부외과 전문의 1명 이상; 특수진료 경피적 대동맥판삽입·심실 보조장치 포함
40,False,,JDQ4MTYyMiM1MSMkMSMkMCMkODkkMzgxMzUxIzExIyQxIyQzIyQ2MiQzNjE4MzIjNTEjJDEjJDYjJDgz,아주대학교병원,상급종합,급성심근경색,123.0,2.0,246.0,209.1906948534128,0.005616105627265076,0.00018520633402953533,0.993911857182199,0.7658416817436025,,,,,,,,,,내과·응급의학과 전문의 각각 1명 이상; 특수진료 응급의료기관 포함; 심장혈관흉부외과 전문의 1명 이상; 특수진료 경피적 좌심방이 폐색술·경피적 대동맥판삽입·심실 보조장치 포함
41,False,,JDQ4MTYyMiM1MSMkMSMkNCMkODkkMzgxMzUxIzExIyQxIyQzIyQ3OSQyNjE4MzIjNjEjJDEjJDQjJDgz,연세대학교 원주세브란스기독병원,상급종합,급성심근경색,79.0,2.0,158.0,174.4142178498952,0.005187946115680892,0.000171086611434681,0.9940829437936337,0.760164815138663,,,,,,,,,,내과·응급의학과 전문의 각각 1명 이상; 특수진료 응급의료기관 포함; 심장혈관흉부외과 전문의 1명 이상; 특수진료 경피적 좌심방이 폐색술·경피적 대동맥판삽입·심장질환자 재택의료 포함
42,False,,JDQ4MTYyMiM4MSMkMSMkMCMkODkkMzgxMzUxIzExIyQxIyQzIyQ2MiQyNjEwMDIjNjEjJDEjJDgjJDgz,의료법인덕산의료재단김천제일병원,종합병원,급성심근경색,14.0,1.0,14.0,52.40624301271281,0.005078157274207206,0.00016746602624697094,0.9942504098198807,0.7544843279485356,,,,,,,,,,내과·응급의학과 전문의 각각 1명 이상; 특수진료 응급의료기관 포함; 심장혈관흉부외과 전문의 1명 이상
43,False,,JDQ4MTYyMiM2MSMkMSMkMiMkODkkMzgxMzUxIzExIyQxIyQzIyQ4OSQ0NjEwMDIjODEjJDEjJDYjJDgz,단국대학교의과대학부속병원,상급종합,급성심근경색,69.0,2.0,138.0,167.35739429655433,0.004921193346215788,0.00016228971447373184,0.9944126995343544,0.7487986644466351,,,,,,,,,,내과·응급의학과 전문의 각각 1명 이상; 특수진료 응급의료기관 포함; 심장혈관흉부외과 전문의 1명 이상; 특수진료 경피적 좌심방이 폐색술·경피적 대동맥판삽입·심장질환자 재택의료 포함
44,False,,JDQ4MTYyMiM2MSMkMSMkNiMkODkkMzgxMzUxIzExIyQxIyQzIyQ3OSQzNjEyMjIjNDEjJDEjJDgjJDgz,원광대학교병원,상급종합,급성심근경색,50.0,2.0,100.0,148.21074432886982,0.00454626525130686,0.0001499254423977852,0.9945626249767522,0.7431006366726587,,,,,,,,,,내과·응급의학과 전문의 각각 1명 이상; 특수진료 응급의료기관 포함; 심장혈관흉부외과 전문의 1명 이상; 특수진료 경피적 대동맥판삽입 포함
45,False,,JDQ4MTg4MSM1MSMkMSMkMCMkODkkMzgxMzUxIzExIyQxIyQzIyQ4OSQyNjEwMDIjNzEjJDEjJDgjJDgz,학교법인 고려중앙학원 고려대학교의과대학부속병원(안암병원),상급종합,급성심근경색,113.0,2.0,226.0,236.8356832252652,0.004025756434444575,0.00013276025067968358,0.9946953852274318,0.737385443706964,,,,,,,,,,내과·응급의학과 전문의 각각 1명 이상; 특수진료 응급의료기관 포함; 심장혈관흉부외과 전문의 1명 이상; 특수진료 경피적 좌심방이 폐색술·경피적 대동맥판삽입·심실 보조장치·심장질환자 재택의료 포함
46,False,,JDQ4MTYyMiM3MSMkMSMkMCMkODkkMzgxMzUxIzExIyQxIyQzIyQ2MiQ0NjEwMDIjODEjJDEjJDIjJDgz,화순전남대학교병원,상급종합,급성심근경색,54.0,2.0,108.0,170.6413417711123,0.0037046431039035343,0.00012217066659693507,0.9948175558940288,0.7316596611571866,,,,,,,,,,내과·응급의학과 전문의 각각 1명 이상; 특수진료 응급의료기관 포함; 심장혈관흉부외과 전문의 1명 이상
47,False,,JDQ4MTAxMiM1MSMkMSMkMCMkODkkMzgxMzUxIzExIyQxIyQzIyQ3MiQyNjE0ODEjNDEjJDEjJDgjJDgz,의료법인 은성의료재단 좋은삼선병원,종합병원,급성심근경색,28.0,1.0,28.0,88.22269312553888,0.0035893303009316715,0.00011836791377807666,0.9949359238078068,0.7259300758545905,,,,,,,,,,내과·응급의학과 전문의 각각 1명 이상; 특수진료 응급의료기관 포함; 심장혈관흉부외과 전문의 1명 이상
48,False,,JDQ4MTYyMiM1MSMkMSMkMCMkODkkMzgxMzUxIzExIyQyIyQzIyQwMCQyNjE0ODEjODEjJDEjJDYjJDgz,의료법인 길의료재단 길병원,상급종합,급성심근경색,105.0,2.0,210.0,243.67333532886713,0.0035338401107756477,0.00011653797406976606,0.9950524617818766,0.7201986606122859,,,,,,,,,,내과·응급의학과 전문의 각각 1명 이상; 특수진료 응급의료기관 포함; 심장혈관흉부외과 전문의 1명 이상; 특수진료 경피적 좌심방이 폐색술·경피적 대동맥판삽입·심실 보조장치·심장질환자 재택의료 포함
49,False,,JDQ4MTAxMiM1MSMkMSMkMCMkODkkMzgxMzUxIzExIyQxIyQzIyQ3MiQ0NjE0ODEjNjEjJDEjJDgjJDgz,의료법인 은성의료재단 좋은강안병원,종합병원,급성심근경색,30.0,1.0,30.0,92.50812693705628,0.00349802616740274,0.00011535691203150313,0.995167818693908,0.7144660643079431,,,,,,,,,,내과·응급의학과 전문의 각각 1명 이상; 특수진료 응급의료기관 포함; 심장혈관흉부외과 전문의 1명 이상
50,False,,JDQ4MTg4MSM1MSMkMSMkMCMkODkkMzgxMzUxIzExIyQxIyQzIyQ2MiQzNjE0ODEjNTEjJDEjJDYjJDgz,연세대학교의과대학 강남세브란스병원,상급종합,급성심근경색,87.0,2.0,174.0,227.4597363351152,0.003360147983639151,0.00011081000450299562,0.995278628698411,0.7087289210960719,,,,,,,,,,내과·응급의학과 전문의 각각 1명 이상; 특수진료 응급의료기관 포함; 심장혈관흉부외과 전문의 1명 이상; 특수진료 경피적 좌심방이 폐색술·경피적 대동맥판삽입·심실 보조장치 포함
51,False,,JDQ4MTYyMiM3MSMkMSMkMCMkODkkMzgxMzUxIzExIyQxIyQzIyQ3OSQyNjEyMjIjNDEjJDEjJDgjJDgz,조선대학교병원,상급종합,급성심근경색,49.0,2.0,98.0,172.1214492943914,0.0033040879298482507,0.00010896127199381608,0.9953875899704048,0.7029899291516913,,,,,,,,,,내과·응급의학과 전문의 각각 1명 이상; 특수진료 응급의료기관 포함; 심장혈관흉부외과 전문의 1명 이상; 특수진료 경피적 좌심방이 폐색술 포함
52,False,,JDQ4MTAxMiM1MSMkMSMkMCMkODkkMzgxMzUxIzExIyQxIyQzIyQ4MiQyNjE4MzIjNTEjJDEjJDIjJDgz,의료법인 인당의료재단 부민병원,종합병원,급성심근경색,22.0,1.0,22.0,82.1713330220414,0.003250316200957627,0.0001071880032123469,0.9954947779736171,0.6972491639385294,,,,,,,,,,내과·응급의학과 전문의 각각 1명 이상; 특수진료 응급의료기관 포함; 심장혈관흉부외과 전문의 1명 이상
53,False,,JDQ4MTg4MSM1MSMkMSMkMCMkODkkMzgxMzUxIzExIyQxIyQzIyQ3OSQzNjEwMDIjNTEjJDEjJDIjJDgz,중앙대학교병원,상급종합,급성심근경색,87.0,2.0,174.0,233.37176883417987,0.0031921294947603223,0.00010526913856497659,0.9956000471121821,0.6915064798607201,,,,,,,,,,내과·응급의학과 전문의 각각 1명 이상; 특수진료 응급의료기관 포함; 심장혈관흉부외과 전문의 1명 이상; 특수진료 경피적 좌심방이 폐색술·심실 보조장치·심장질환자 재택의료 포함
54,False,,JDQ4MTYyMiM2MSMkMSMkMiMkODkkMzgxMzUxIzExIyQxIyQzIyQ3OSQyNjE4MzIjNTEjJDEjJDIjJDgz,학교법인 가톨릭학원 가톨릭대학교 대전성모병원,종합병원,급성심근경색,42.0,1.0,42.0,117.41240042660293,0.0030414585001236724,0.00010030035335805965,0.9957003474655401,0.685758826997704,,,,,,,,,,내과·응급의학과 전문의 각각 1명 이상; 특수진료 응급의료기관 포함; 심장혈관흉부외과 전문의 1명 이상; 특수진료 경피적 대동맥판삽입·심장질환자 재택의료 포함
55,False,,JDQ4MTYyMiM1MSMkMSMkMCMkODkkMzgxMzUxIzExIyQxIyQzIyQ4MiQyNjEyMjIjNzEjJDEjJDgjJDgz,한림대학교성심병원,상급종합,급성심근경색,75.0,2.0,150.0,223.55097330877663,0.0029988149965449067,9.889406802580804e-05,0.9957992415335659,0.6800097678493554,,,,,,,,,,내과·응급의학과 전문의 각각 1명 이상; 특수진료 응급의료기관 포함; 심장혈관흉부외과 전문의 1명 이상; 특수진료 경피적 대동맥판삽입·심실 보조장치·심장질환자 재택의료 포함
56,False,,JDQ4MTYyMiM4MSMkMSMkNCMkODkkMzgxMzUxIzExIyQxIyQzIyQ3MiQ0NjEwMDIjNTEjJDEjJDIjJDgz,의료법인 송은의료재단 울산시티병원,종합병원,급성심근경색,17.0,1.0,17.0,75.54316408193463,0.0029710471772437987,9.797834877868676e-05,0.9958972198823446,0.6742597929817598,,,,,,,,,,내과·응급의학과 전문의 각각 1명 이상; 특수진료 응급의료기관 포함; 심장혈관흉부외과 전문의 1명 이상
57,False,,JDQ4MTYyMiM2MSMkMSMkNiMkODkkMzgxMzUxIzExIyQxIyQzIyQ3OSQyNjEyMjIjODEjJDEjJDIjJDgz,재단법인예수병원유지재단예수병원,종합병원,급성심근경색,52.0,1.0,52.0,132.48785057143064,0.0029579844275515192,9.754756913467378e-05,0.9959947674514793,0.6685093873345203,,,,,,,,,,내과·응급의학과 전문의 각각 1명 이상; 특수진료 응급의료기관 포함; 심장혈관흉부외과 전문의 1명 이상; 특수진료 심장질환자 재택의료 포함
58,False,,JDQ4MTYyMiM4MSMkMSMkNCMkODkkMzgxMzUxIzExIyQxIyQzIyQ4MiQzNjE4MzIjNTEjJDEjJDYjJDgz,의료법인숭인의료재단 김해복음병원,종합병원,급성심근경색,17.0,1.0,17.0,75.98273600466531,0.002936815595165934,9.68494694011527e-05,0.9960916169208804,0.6627582835875472,,,,,,,,,,내과·응급의학과 전문의 각각 1명 이상; 특수진료 응급의료기관 포함; 심장혈관흉부외과 전문의 1명 이상
59,False,,JDQ4MTYyMiM1MSMkMSMkMCMkODkkMzgxMzUxIzExIyQxIyQzIyQ3MiQzNjEwMDIjNjEjJDEjJDAjJDgz,인하대학교의과대학부속병원,상급종합,급성심근경색,90.0,2.0,180.0,248.86831488299836,0.0029039179779859576,9.576458113861168e-05,0.996187381502019,0.6570060949523114,,,,,,,,,,내과·응급의학과 전문의 각각 1명 이상; 특수진료 응급의료기관 포함; 심장혈관흉부외과 전문의 1명 이상; 특수진료 경피적 좌심방이 폐색술·경피적 대동맥판삽입·심장질환자 재택의료 포함
60,False,,JDQ4MTg4MSM1MSMkMSMkMCMkODkkMzgxMzUxIzExIyQxIyQzIyQ4OSQzNjEyMjIjODEjJDEjJDIjJDgz,경희대학교병원,상급종합,급성심근경색,80.0,2.0,160.0,236.13277882622725,0.0028670790373850922,9.454971703329737e-05,0.9962819312190523,0.6512526914529704,,,,,,,,,,내과·응급의학과 전문의 각각 1명 이상; 특수진료 응급의료기관 포함; 심장혈관흉부외과 전문의 1명 이상; 특수진료 경피적 좌심방이 폐색술·경피적 대동맥판삽입 포함
61,False,,JDQ4MTAxMiM1MSMkMSMkMCMkODkkMzgxMzUxIzExIyQxIyQzIyQ3MiQzNjEwMDIjNDEjJDEjJDgjJDgz,비에이치에스한서병원,종합병원,급성심근경색,24.0,1.0,24.0,91.57957845920663,0.0028553938921959086,9.416436763876587e-05,0.996376095586691,0.6454989026042349,,,,,,,,,,내과·응급의학과 전문의 각각 1명 이상; 특수진료 응급의료기관 포함; 심장혈관흉부외과 전문의 1명 이상
62,False,,JDQ4MTg4MSM1MSMkMSMkMCMkODkkMzgxMzUxIzExIyQxIyQzIyQ4OSQ0NjE0ODEjNjEjJDEjJDAjJDgz,한양대학교병원,상급종합,급성심근경색,77.0,2.0,154.0,233.46183280343647,0.0028230396093890547,9.309739730264519e-05,0.9964691929839937,0.6397440467851634,,,,,,,,,,내과·응급의학과 전문의 각각 1명 이상; 특수진료 응급의료기관 포함; 심장혈관흉부외과 전문의 1명 이상; 특수진료 경피적 좌심방이 폐색술 포함
63,False,,JDQ4MTYyMiM1MSMkMSMkMCMkODkkMzgxMzUxIzExIyQxIyQzIyQ5OSQzNjEwMDIjNTEjJDEjJDIjJDgz,고려대학교의과대학부속안산병원,상급종합,급성심근경색,72.0,2.0,144.0,225.92352720904384,0.002818741152497609,9.295564401385665e-05,0.9965621486280076,0.633989049212803,,,,,,,,,,내과·응급의학과 전문의 각각 1명 이상; 특수진료 응급의료기관 포함; 심장혈관흉부외과 전문의 1명 이상; 특수진료 경피적 좌심방이 폐색술·경피적 대동맥판삽입·심실 보조장치·심장질환자 재택의료 포함
64,False,,JDQ4MTYyMiM2MSMkMSMkMiMkODkkMzgxMzUxIzExIyQxIyQzIyQ5OSQ0NjEwMDIjNjEjJDEjJDgjJDgz,순천향대학교부속 천안병원,종합병원,급성심근경색,78.0,1.0,78.0,167.199996299269,0.00278678035244093,9.190164983995592e-05,0.9966540502778476,0.6282329976462686,,,,,,,,,,내과·응급의학과 전문의 각각 1명 이상; 특수진료 응급의료기관 포함; 심장혈관흉부외과 전문의 1명 이상; 특수진료 경피적 대동맥판삽입·심장질환자 재택의료 포함
65,False,,JDQ4MTYyMiM1MSMkMSMkMCMkODkkMzgxMzUxIzExIyQxIyQzIyQ5MiQzNjEyMjIjNzEjJDEjJDgjJDgz,순천향대학교부속부천병원,상급종합,급성심근경색,81.0,2.0,162.0,244.15391200858772,0.0027153883987975328,8.954730629817694e-05,0.9967435975841458,0.6224745917361926,,,,,,,,,,내과·응급의학과 전문의 각각 1명 이상; 특수진료 응급의료기관 포함; 심장혈관흉부외과 전문의 1명 이상; 특수진료 경피적 좌심방이 폐색술 포함
66,False,,JDQ4MTAxMiM1MSMkMSMkMCMkODkkMzgxMzUxIzExIyQxIyQzIyQ2MiQzNjEyMjIjNTEjJDEjJDIjJDgz,의료법인정화의료재단 봉생기념병원,종합병원,급성심근경색,22.0,1.0,22.0,91.80413937222649,0.002604668967658084,8.589603238914991e-05,0.996829493616535,0.6167125345522075,,,,,,,,,,내과·응급의학과 전문의 각각 1명 이상; 특수진료 응급의료기관 포함; 특수진료 심장질환자 재택의료 포함
67,False,,JDQ4MTAxMiM1MSMkMSMkMCMkODkkMzgxMzUxIzExIyQxIyQzIyQ5OSQyNjEyMjIjNjEjJDEjJDQjJDgz,삼육부산병원,종합병원,급성심근경색,22.0,1.0,22.0,92.1493362581129,0.0025852121044837267,8.525438948935427e-05,0.9969147480060243,0.6109498357253226,,,,,,,,,,내과·응급의학과 전문의 각각 1명 이상; 특수진료 응급의료기관 포함; 심장혈관흉부외과 전문의 1명 이상
68,False,,JDQ4MTYyMiM4MSMkMSMkNCMkODkkMzgxMzUxIzExIyQyIyQzIyQwMCQ0NjEwMDIjODEjJDEjJDIjJDgz,의료법인합포의료재단에스엠지연세병원,종합병원,급성심근경색,15.0,1.0,15.0,76.26318879105537,0.002572309064440733,8.482887670473043e-05,0.996999576882729,0.605186711385653,,,,,,,,,,내과·응급의학과 전문의 각각 1명 이상; 특수진료 응급의료기관 포함; 심장혈관흉부외과 전문의 1명 이상
69,False,,JDQ4MTAxMiM1MSMkMSMkMCMkODkkMzgxMzUxIzExIyQxIyQzIyQ5OSQyNjE0ODEjODEjJDEjJDYjJDgz,부산광역시의료원,종합병원,급성심근경색,19.0,1.0,19.0,86.62086130101947,0.0025264251489008852,8.33157299884721e-05,0.9970828926127174,0.5994220738992672,,,,,,,,,,내과·응급의학과 전문의 각각 1명 이상; 특수진료 응급의료기관 포함; 심장혈관흉부외과 전문의 1명 이상
70,False,,JDQ4MTYyMiM2MSMkMSMkNiMkODkkMzgxMzUxIzExIyQxIyQzIyQ5OSQ0NjE0ODEjNDEjJDEjJDgjJDgz,대자인병원,종합병원,급성심근경색,43.0,1.0,43.0,130.5163269545344,0.002520423509395455,8.311780962786292e-05,0.9971660104223453,0.5936572384925207,,,,,,,,,,내과·응급의학과 전문의 각각 1명 이상; 특수진료 응급의료기관 포함; 심장혈관흉부외과 전문의 1명 이상
71,False,,JDQ4MTAxMiM1MSMkMSMkMCMkODkkMzgxMzUxIzExIyQxIyQzIyQ4MiQyNjEwMDIjNjEjJDEjJDgjJDgz,의료법인 온그룹의료재단 온병원,종합병원,급성심근경색,20.0,1.0,20.0,89.18698036659707,0.002508728851414046,8.273214652317507e-05,0.9972487425688685,0.5878920174226697,,,,,,,,,,내과·응급의학과 전문의 각각 1명 이상; 특수진료 응급의료기관 포함; 심장혈관흉부외과 전문의 1명 이상
72,False,,JDQ4MTg4MSM1MSMkMSMkMCMkODkkMzgxMzUxIzExIyQxIyQzIyQxMyQyNjEwMDIjNjEjJDEjJDQjJDgz,이화여자대학교의과대학부속목동병원,상급종합,급성심근경색,72.0,2.0,144.0,240.1267025996411,0.002495283712691892,8.22887565624949e-05,0.997331031325431,0.582126352962858,,,,,,,,,,내과·응급의학과 전문의 각각 1명 이상; 특수진료 응급의료기관 포함; 심장혈관흉부외과 전문의 1명 이상; 특수진료 경피적 좌심방이 폐색술·심장질환자 재택의료 포함
73,False,,JDQ4MTYyMiM2MSMkMSMkMiMkODkkMzgxMzUxIzExIyQxIyQzIyQ3OSQzNjE0ODEjNDEjJDEjJDgjJDgz,학교법인 을지학원 대전을지대학교병원,종합병원,급성심근경색,36.0,1.0,36.0,122.03991656798301,0.002413166361275024,7.95807139034861e-05,0.9974106120393345,0.5763579804603871,,,,,,,,,,내과·응급의학과 전문의 각각 1명 이상; 특수진료 응급의료기관 포함; 심장혈관흉부외과 전문의 1명 이상; 특수진료 경피적 대동맥판삽입 포함
74,False,,JDQ4MTYyMiM1MSMkMSMkMCMkODkkMzgxMzUxIzExIyQxIyQzIyQ3MiQyNjEwMDIjNDEjJDEjJDgjJDgz,차의과학대학교분당차병원,종합병원,급성심근경색,104.0,1.0,104.0,215.91069132729902,0.0022288602840388693,7.350272050917464e-05,0.9974841147598437,0.5705835299645221,,,,,,,,,,내과·응급의학과 전문의 각각 1명 이상; 특수진료 응급의료기관 포함; 심장혈관흉부외과 전문의 1명 이상; 특수진료 경피적 대동맥판삽입 포함
75,False,,JDQ4MTAxMiM1MSMkMSMkMCMkODkkMzgxMzUxIzExIyQxIyQzIyQ4MiQzNjE0ODEjNDEjJDEjJDgjJDgz,의료법인 인당의료재단 해운대부민병원,종합병원,급성심근경색,19.0,1.0,19.0,93.53523146300364,0.0021670803998645456,7.14653610604586e-05,0.9975555801209042,0.5648070421092083,,,,,,,,,,내과·응급의학과 전문의 각각 1명 이상; 특수진료 응급의료기관 포함; 심장혈관흉부외과 전문의 1명 이상
76,False,,JDQ4MTYyMiM2MSMkMSMkMiMkODkkMzgxMzUxIzExIyQxIyQzIyQ2MiQyNjEwMDIjNjEjJDEjJDQjJDgz,세종충남대학교병원,종합병원,급성심근경색,42.0,1.0,42.0,140.45153027776982,0.0021260728107834986,7.011302445122198e-05,0.9976256931453554,0.5590292019172853,,,,,,,,,,내과·응급의학과 전문의 각각 1명 이상; 특수진료 응급의료기관 포함; 심장혈관흉부외과 전문의 1명 이상; 특수진료 심장질환자 재택의료 포함
77,False,,JDQ4MTYyMiM4MSMkMSMkMCMkODkkMzgxMzUxIzExIyQxIyQzIyQ4OSQyNjEwMDIjNjEjJDEjJDAjJDgz,안동성소병원,종합병원,급성심근경색,13.0,1.0,13.0,78.13709038227107,0.002123821293574589,7.003877455708856e-05,0.9976957319199126,0.5532512874754681,,,,,,,,,,내과·응급의학과 전문의 각각 1명 이상; 특수진료 응급의료기관 포함; 심장혈관흉부외과 전문의 1명 이상
78,False,,JDQ4MTYyMiM3MSMkMSMkMCMkODkkMzgxMzUxIzExIyQyIyQzIyQwMCQyNjE4MzIjNDEjJDEjJDgjJDgz,성가롤로병원,종합병원,급성심근경색,41.0,1.0,41.0,139.10393344308218,0.002115830349521421,6.977525147690691e-05,0.9977655071713895,0.5474731095105707,,,,,,,,,,내과·응급의학과 전문의 각각 1명 이상; 특수진료 응급의료기관 포함; 심장혈관흉부외과 전문의 1명 이상; 특수진료 경피적 대동맥판삽입 포함
79,False,,JDQ4MTYyMiM2MSMkMSMkMiMkODkkMzgxMzUxIzExIyQxIyQzIyQ5OSQ0NjE0ODEjODEjJDEjJDIjJDgz,의료법인영훈의료재단 유성선병원,종합병원,급성심근경색,32.0,1.0,32.0,127.59952391376001,0.001962327192542634,6.471306802580148e-05,0.9978302202394153,0.5416898693622223,,,,,,,,,,내과·응급의학과 전문의 각각 1명 이상; 특수진료 응급의료기관 포함; 심장혈관흉부외과 전문의 1명 이상
80,False,,JDQ4MTYyMiM2MSMkMSMkMiMkODkkMzgxMzUxIzExIyQxIyQzIyQ3OSQ0NjEwMDIjNDEjJDEjJDgjJDgz,의료법인 영훈의료재단 대전선병원,종합병원,급성심근경색,26.0,1.0,26.0,118.81926401632876,0.0018385223872154802,6.063026836858623e-05,0.9978908505077838,0.5359025464142166,,,,,,,,,,내과·응급의학과 전문의 각각 1명 이상; 특수진료 응급의료기관 포함; 심장혈관흉부외과 전문의 1명 이상; 특수진료 경피적 좌심방이 폐색술 포함
81,False,,JDQ4MTYyMiM1MSMkMSMkMCMkODkkMzgxMzUxIzExIyQxIyQ3IyQ3OSQ0NjEwMDIjNzEjJDEjJDgjJDgz,한림대학교동탄성심병원,종합병원,급성심근경색,73.0,1.0,73.0,202.09434450575583,0.001785602775078153,5.888510045104616e-05,0.9979497356082349,0.5301134782982934,,,,,,,,,,내과·응급의학과 전문의 각각 1명 이상; 특수진료 응급의료기관 포함; 심장혈관흉부외과 전문의 1명 이상; 특수진료 경피적 대동맥판삽입·심실 보조장치·심장질환자 재택의료 포함
82,False,,JDQ4MTYyMiM1MSMkMSMkMCMkODkkMzgxMzUxIzExIyQxIyQzIyQ2MiQyNjE4MzIjNDEjJDEjJDgjJDgz,연세대학교 의과대학 용인세브란스병원,종합병원,급성심근경색,71.0,1.0,71.0,202.5961409362254,0.0017280941019974963,5.698859578694884e-05,0.9980067242040218,0.5243225136777061,,,,,,,,,,내과·응급의학과 전문의 각각 1명 이상; 특수진료 응급의료기관 포함; 심장혈관흉부외과 전문의 1명 이상; 특수진료 경피적 좌심방이 폐색술·경피적 대동맥판삽입 포함
83,False,,JDQ4MTg4MSM1MSMkMSMkMCMkODkkMzgxMzUxIzExIyQyIyQ3IyQwMCQzNjEyMjIjODEjJDEjJDYjJDgz,이화여자대학교의과대학부속서울병원,종합병원,급성심근경색,94.0,1.0,94.0,244.72648501883128,0.0015682346983655184,5.171679784157359e-05,0.9980584410018634,0.5185262772591733,,,,,,,,,,내과·응급의학과 전문의 각각 1명 이상; 특수진료 응급의료기관 포함; 심장혈관흉부외과 전문의 1명 이상; 특수진료 경피적 좌심방이 폐색술·경피적 대동맥판삽입·심장질환자 재택의료 포함
84,False,,JDQ4MTYyMiM4MSMkMSMkMCMkODkkMzgxMzUxIzExIyQxIyQzIyQ4OSQyNjE0ODEjNjEjJDEjJDgjJDgz,의료법인동춘의료재단문경제일병원,종합병원,급성심근경색,12.0,1.0,12.0,87.4824657770291,0.0015643967676117524,5.159023165276948e-05,0.9981100312335162,0.5127299142744519,,,,,,,,,,내과·응급의학과 전문의 각각 1명 이상; 특수진료 응급의료기관 포함; 심장혈관흉부외과 전문의 1명 이상
85,False,,JDQ4MTYyMiM1MSMkMSMkOCMkODkkMzgxMzUxIzExIyQxIyQzIyQ4OSQzNjE0ODEjNjEjJDEjJDAjJDgz,의료법인 인화재단 한국병원,종합병원,급성심근경색,26.0,1.0,26.0,129.3699784299435,0.0015510835668331498,5.1151192704065655e-05,0.9981611824262202,0.5069331122507816,,,,,,,,,,내과·응급의학과 전문의 각각 1명 이상; 특수진료 응급의료기관 포함; 심장혈관흉부외과 전문의 1명 이상; 특수진료 심장질환자 재택의료 포함
86,False,,JDQ4MTg4MSM1MSMkMSMkMCMkODkkMzgxMzUxIzExIyQxIyQzIyQ5OSQzNjE0ODEjODEjJDEjJDYjJDgz,서울특별시보라매병원,종합병원,급성심근경색,81.0,1.0,81.0,234.31398252718202,0.0014740696086411671,4.861144829530762e-05,0.9982097938745155,0.5011337704827026,,,,,,,,,,내과·응급의학과 전문의 각각 1명 이상; 특수진료 응급의료기관 포함; 심장혈관흉부외과 전문의 1명 이상; 특수진료 경피적 좌심방이 폐색술·경피적 대동맥판삽입 포함
87,False,,JDQ4MTg4MSM1MSMkMSMkMCMkODkkMzgxMzUxIzExIyQxIyQzIyQ5OSQyNjEyMjIjNTEjJDEjJDIjJDgz,순천향대학교 부속 서울병원,종합병원,급성심근경색,80.0,1.0,80.0,233.3226448965971,0.0014682635435977784,4.8419977533681875e-05,0.9982582138520492,0.49533423724386205,,,,,,,,,,내과·응급의학과 전문의 각각 1명 이상; 특수진료 응급의료기관 포함; 심장혈관흉부외과 전문의 1명 이상
88,False,,JDQ4MTYyMiM3MSMkMSMkMCMkODkkMzgxMzUxIzExIyQxIyQzIyQ3OSQyNjE4MzIjNDEjJDEjJDQjJDgz,광주기독병원,종합병원,급성심근경색,44.0,1.0,44.0,173.38760129415382,0.0014618936908352186,4.820991434100718e-05,0.9983064237663901,0.4895344939418287,,,,,,,,,,내과·응급의학과 전문의 각각 1명 이상; 특수진료 응급의료기관 포함; 심장혈관흉부외과 전문의 1명 이상
89,False,,JDQ4MTYyMiM2MSMkMSMkNiMkODkkMzgxMzUxIzExIyQxIyQzIyQ5OSQyNjEwMDIjNjEjJDEjJDAjJDgz,의료법인영경의료재단전주병원,종합병원,급성심근경색,23.0,1.0,23.0,133.2392321302733,0.001293635534068067,4.266114470353395e-05,0.9983490849110936,0.483729201870158,,,,,,,,,,내과·응급의학과 전문의 각각 1명 이상; 특수진료 응급의료기관 포함; 심장혈관흉부외과 전문의 1명 이상
90,False,,JDQ4MTg4MSM1MSMkMSMkMCMkODkkMzgxMzUxIzExIyQxIyQ3IyQ5OSQzNjE4MzIjNDEjJDEjJDQjJDgz,강동경희대학교병원,종합병원,급성심근경색,65.0,1.0,65.0,227.0334290247197,0.0012599439970116457,4.155007477711615e-05,0.9983906349858708,0.4779227987285608,,,,,,,,,,내과·응급의학과 전문의 각각 1명 이상; 특수진료 응급의료기관 포함; 심장혈관흉부외과 전문의 1명 이상; 특수진료 경피적 좌심방이 폐색술·경피적 대동맥판삽입 포함
91,False,,JDQ4MTg4MSM1MSMkMSMkMCMkODkkMzgxMzUxIzExIyQxIyQzIyQ5MiQyNjEyMjIjODEjJDEjJDYjJDgz,성심의료재단강동성심병원,종합병원,급성심근경색,64.0,1.0,64.0,226.57831452331473,0.0012455467258743482,4.10752856644572e-05,0.9984317102715352,0.47211592079785103,,,,,,,,,,내과·응급의학과 전문의 각각 1명 이상; 특수진료 응급의료기관 포함; 심장혈관흉부외과 전문의 1명 이상; 특수진료 심장질환자 재택의료 포함
92,False,,JDQ4MTYyMiM1MSMkMSMkOCMkODkkMzgxMzUxIzExIyQxIyQzIyQ4OSQzNjE4MzIjODEjJDEjJDYjJDgz,의료법인한마음의료재단하나병원,종합병원,급성심근경색,22.0,1.0,22.0,134.20842060637614,0.0012195965767524887,4.0219509027521e-05,0.9984719297805628,0.46630818709050426,,,,,,,,,,내과·응급의학과 전문의 각각 1명 이상; 특수진료 응급의료기관 포함; 심장혈관흉부외과 전문의 1명 이상
93,False,,JDQ4MTg4MSM1MSMkMSMkMCMkODkkMzgxMzUxIzExIyQxIyQzIyQ4OSQzNjEwMDIjNDEjJDEjJDQjJDgz,가톨릭대학교 은평성모병원,종합병원,급성심근경색,73.0,1.0,73.0,246.8351842132948,0.0011971729949853658,3.948003052577445e-05,0.9985114098110885,0.4604997139046558,,,,,,,,,,내과·응급의학과 전문의 각각 1명 이상; 특수진료 응급의료기관 포함; 심장혈관흉부외과 전문의 1명 이상; 특수진료 경피적 좌심방이 폐색술·경피적 대동맥판삽입·심실 보조장치·심장질환자 재택의료 포함
94,False,,JDQ4MTYyMiM2MSMkMSMkNiMkODkkMzgxMzUxIzExIyQxIyQzIyQ4OSQzNjEyMjIjODEjJDEjJDIjJDgz,익산병원,종합병원,급성심근경색,25.0,1.0,25.0,147.5674624180554,0.0011464903008096153,3.780863105254161e-05,0.9985492184421411,0.454689569319334,,,,,,,,,,내과·응급의학과 전문의 각각 1명 이상; 특수진료 응급의료기관 포함; 심장혈관흉부외과 전문의 1명 이상
95,False,,JDQ4MTg4MSM1MSMkMSMkMCMkODkkMzgxMzUxIzExIyQxIyQzIyQ5OSQyNjE4MzIjNDEjJDEjJDgjJDgz,한국보훈복지의료공단 중앙보훈병원,종합병원,급성심근경색,57.0,1.0,57.0,225.42564625697128,0.001120683515218081,3.695758221733267e-05,0.9985861760243584,0.44887857368517714,,,,,,,,,,내과·응급의학과 전문의 각각 1명 이상; 특수진료 응급의료기관 포함; 심장혈관흉부외과 전문의 1명 이상; 특수진료 경피적 대동맥판삽입·심장질환자 재택의료 포함
96,False,,JDQ4MTYyMiM1MSMkMSMkMCMkODkkMzgxMzUxIzExIyQxIyQzIyQ3MiQzNjE4MzIjNDEjJDEjJDgjJDgz,대진의료재단 분당제생병원,종합병원,급성심근경색,48.0,1.0,48.0,214.1878696861976,0.0010453123046055403,3.4472011871015216e-05,0.9986206480362294,0.44306509248067383,,,,,,,,,,내과·응급의학과 전문의 각각 1명 이상; 특수진료 응급의료기관 포함; 심장혈관흉부외과 전문의 1명 이상
97,False,,JDQ4MTYyMiM1MSMkMSMkMCMkODkkMzgxMzUxIzExIyQxIyQzIyQ5MiQzNjE4MzIjNjEjJDEjJDQjJDgz,의료법인백송의료재단 굿모닝병원,종합병원,급성심근경색,34.0,1.0,34.0,181.7740487828439,0.0010278682402898086,3.389674647949419e-05,0.9986545447827089,0.4372510360107791,,,,,,,,,,내과·응급의학과 전문의 각각 1명 이상; 특수진료 응급의료기관 포함; 심장혈관흉부외과 전문의 1명 이상
98,False,,JDQ4MTg4MSM1MSMkMSMkMCMkODkkMzgxMzUxIzExIyQyIyQ3IyQwMCQyNjEyMjIjNjEjJDEjJDgjJDgz,서울특별시서울의료원,종합병원,급성심근경색,56.0,1.0,56.0,235.49988117045618,0.0010088762371236776,3.327043360083322e-05,0.9986878152163097,0.43143635322800555,,,,,,,,,,내과·응급의학과 전문의 각각 1명 이상; 특수진료 응급의료기관 포함; 심장혈관흉부외과 전문의 1명 이상
99,False,,JDQ4MTYyMiM1MSMkMSMkMCMkODkkMzgxMzUxIzExIyQxIyQzIyQ4MiQzNjE4MzIjODEjJDEjJDIjJDgz,국민건강보험공단일산병원,종합병원,급성심근경색,65.0,1.0,65.0,254.6790297774709,0.001001350220416151,3.302224276242037e-05,0.9987208374590721,0.4256214222543938,,,,,,,,,,내과·응급의학과 전문의 각각 1명 이상; 특수진료 응급의료기관 포함; 심장혈관흉부외과 전문의 1명 이상; 특수진료 경피적 대동맥판삽입·심장질환자 재택의료 포함
100,False,,JDQ4MTYyMiM1MSMkMSMkMCMkODkkMzgxMzUxIzExIyQyIyQzIyQwMCQzNjE4MzIjNjEjJDEjJDgjJDgz,의료법인명지의료재단명지병원,종합병원,급성심근경색,62.0,1.0,62.0,252.23958404687426,0.0009736904799824657,3.21100877094489e-05,0.9987529475467816,0.4198055791257289,,,,,,,,,,내과·응급의학과 전문의 각각 1명 이상; 특수진료 응급의료기관 포함; 심장혈관흉부외과 전문의 1명 이상; 특수진료 경피적 좌심방이 폐색술·경피적 대동맥판삽입·심장질환자 재택의료 포함
101,False,,JDQ4MTYyMiM1MSMkMSMkNCMkODkkMzgxMzUxIzExIyQxIyQzIyQ5OSQyNjEwMDIjNTEjJDEjJDYjJDgz,강원대학교병원,종합병원,급성심근경색,54.0,1.0,54.0,235.47101947451847,0.0009730833396248663,3.209006560742032e-05,0.998785037612389,0.41398971597496215,,,,,,,,,,내과·응급의학과 전문의 각각 1명 이상; 특수진료 응급의료기관 포함; 심장혈관흉부외과 전문의 1명 이상; 특수진료 심장질환자 재택의료 포함
102,False,,JDQ4MTYyMiM2MSMkMSMkNiMkODkkMzgxMzUxIzExIyQxIyQzIyQ3OSQ0NjE0ODEjNzEjJDEjJDgjJDgz,전북특별자치도 남원의료원,종합병원,급성심근경색,13.0,1.0,13.0,118.4427161806503,0.0009251104871890654,3.0508030524347766e-05,0.9988155456429134,0.4081722707891122,,,,,,,,,,내과·응급의학과 전문의 각각 1명 이상; 특수진료 응급의료기관 포함; 심장혈관흉부외과 전문의 1명 이상
103,False,,JDQ4MTg4MSM1MSMkMSMkMCMkODkkMzgxMzUxIzExIyQyIyQ3IyQwMCQyNjEwMDIjODEjJDEjJDIjJDgz,국립중앙의료원,종합병원,급성심근경색,50.0,1.0,50.0,236.18191799764733,0.0008955895742916184,2.9534498255225556e-05,0.9988450801411687,0.4023538520709933,,,,,,,,,,내과·응급의학과 전문의 각각 1명 이상; 특수진료 응급의료기관 포함; 심장혈관흉부외과 전문의 1명 이상
104,False,,JDQ4MTYyMiM2MSMkMSMkMiMkODkkMzgxMzUxIzExIyQxIyQzIyQ5OSQzNjEwMDIjNTEjJDEjJDYjJDgz,의료법인 영서의료재단 천안충무병원,종합병원,급성심근경색,25.0,1.0,25.0,167.14490159802537,0.0008937874124202497,2.947506707360682e-05,0.9988745552082423,0.3965353739216926,,,,,,,,,,내과·응급의학과 전문의 각각 1명 이상; 특수진료 응급의료기관 포함; 심장혈관흉부외과 전문의 1명 이상; 특수진료 심장질환자 재택의료 포함
105,False,,JDQ4MTYyMiM1MSMkMSMkMCMkODkkMzgxMzUxIzExIyQxIyQ3IyQ4OSQ0NjE0ODEjNjEjJDEjJDgjJDgz,가톨릭관동대학교 국제성모병원,종합병원,급성심근경색,57.0,1.0,57.0,252.47731421102242,0.0008934827535742788,2.94650201208362e-05,0.9989040202283631,0.39071688572543917,,,,,,,,,,내과·응급의학과 전문의 각각 1명 이상; 특수진료 응급의료기관 포함; 심장혈관흉부외과 전문의 1명 이상; 특수진료 경피적 대동맥판삽입 포함
106,False,,JDQ4MTYyMiM1MSMkMSMkMCMkODkkMzgxMzUxIzExIyQxIyQzIyQ3MiQyNjE4MzIjODEjJDEjJDIjJDgz,한양대학교구리병원,종합병원,급성심근경색,47.0,1.0,47.0,232.66383635046884,0.0008674947295603198,2.8607994456480812e-05,0.9989326282228196,0.3848975405035213,,,,,,,,,,내과·응급의학과 전문의 각각 1명 이상; 특수진료 응급의료기관 포함; 심장혈관흉부외과 전문의 1명 이상; 특수진료 경피적 좌심방이 폐색술 포함
107,False,,JDQ4MTYyMiM1MSMkMSMkMCMkODkkMzgxMzUxIzExIyQxIyQzIyQ5OSQ0NjEwMDIjNjEjJDEjJDQjJDgz,가톨릭대학교의정부성모병원,종합병원,급성심근경색,54.0,1.0,54.0,249.865029708947,0.0008642417653782096,2.8500719128899158e-05,0.9989611289419484,0.37907808800627596,,,,,,,,,,내과·응급의학과 전문의 각각 1명 이상; 특수진료 응급의료기관 포함; 심장혈관흉부외과 전문의 1명 이상; 특수진료 경피적 대동맥판삽입 포함
108,False,,JDQ4MTg4MSM1MSMkMSMkMCMkODkkMzgxMzUxIzExIyQxIyQzIyQ3OSQyNjEyMjIjODEjJDEjJDIjJDgz,가톨릭대학교 여의도성모병원,종합병원,급성심근경색,48.0,1.0,48.0,235.7121994853035,0.0008631945689702762,2.8466184983604482e-05,0.9989895951269321,0.3732586009748853,,,,,,,,,,내과·응급의학과 전문의 각각 1명 이상; 특수진료 응급의료기관 포함; 심장혈관흉부외과 전문의 1명 이상; 특수진료 심장질환자 재택의료 포함
109,False,,JDQ4MTYyMiM1MSMkMSMkMCMkODkkMzgxMzUxIzExIyQxIyQ3IyQ5OSQzNjEyMjIjNzEjJDEjJDgjJDgz,인천세종병원,종합병원,급성심근경색,53.0,1.0,53.0,248.47536417298858,0.000857747973964567,2.8286568722639993e-05,0.9990178816956548,0.36743893432723373,,,,,,,,,,내과·응급의학과 전문의 각각 1명 이상; 특수진료 응급의료기관 포함; 심장혈관흉부외과 전문의 1명 이상; 특수진료 경피적 좌심방이 폐색술·경피적 대동맥판삽입·심실 보조장치·심장질환자 재택의료 포함
110,False,,JDQ4MTYyMiM1MSMkMSMkOCMkODkkMzgxMzUxIzExIyQxIyQzIyQ4OSQyNjE4MzIjNjEjJDEjJDgjJDgz,건국대학교 충주병원,종합병원,급성심근경색,16.0,1.0,16.0,137.07187184822132,0.0008503346033504789,2.804209269505748e-05,0.9990459237883498,0.36161902320355443,,,,,,,,,,내과·응급의학과 전문의 각각 1명 이상; 특수진료 응급의료기관 포함; 심장혈관흉부외과 전문의 1명 이상
111,False,,JDQ4MTYyMiM1MSMkMSMkMCMkODkkMzgxMzUxIzExIyQxIyQzIyQ5MiQzNjE0ODEjNDEjJDEjJDgjJDgz,국립암센터,종합병원,급성심근경색,56.0,1.0,56.0,256.7393868360804,0.0008489161154886642,2.7995314205800323e-05,0.9990739191025556,0.35579906530138605,,,,,,,,,,내과·응급의학과 전문의 각각 1명 이상; 특수진료 응급의료기관 포함; 심장혈관흉부외과 전문의 1명 이상
112,False,,JDQ4MTg4MSM1MSMkMSMkMCMkODkkMzgxMzUxIzExIyQyIyQzIyQwMCQyNjE0ODEjNTEjJDEjJDYjJDgz,한림대학교 강남성심병원,종합병원,급성심근경색,47.0,1.0,47.0,235.20857142705182,0.0008488332115847811,2.7992580224437794e-05,0.9991019116827801,0.3499791046652362,,,,,,,,,,내과·응급의학과 전문의 각각 1명 이상; 특수진료 응급의료기관 포함; 심장혈관흉부외과 전문의 1명 이상; 특수진료 경피적 좌심방이 폐색술 포함
113,False,,JDQ4MTYyMiM1MSMkMSMkMCMkODkkMzgxMzUxIzExIyQxIyQzIyQ4MiQzNjEwMDIjNDEjJDEjJDgjJDgz,인제대학교일산백병원,종합병원,급성심근경색,57.0,1.0,57.0,259.54428026937086,0.0008455072498558338,2.7882897604518692e-05,0.9991297945803845,0.34415903434646644,,,,,,,,,,내과·응급의학과 전문의 각각 1명 이상; 특수진료 응급의료기관 포함; 심장혈관흉부외과 전문의 1명 이상
114,False,,JDQ4MTYyMiM1MSMkMSMkMCMkODkkMzgxMzUxIzExIyQxIyQzIyQ5OSQyNjEwMDIjNDEjJDEjJDQjJDgz,가톨릭대학교부천성모병원,종합병원,급성심근경색,49.0,1.0,49.0,241.44694263816737,0.000839833105996663,2.769577730218474e-05,0.9991574903576868,0.33833877690739433,,,,,,,,,,내과·응급의학과 전문의 각각 1명 이상; 특수진료 응급의료기관 포함; 심장혈관흉부외과 전문의 1명 이상
115,False,,JDQ4MTYyMiM1MSMkMSMkMCMkODkkMzgxMzUxIzExIyQxIyQzIyQ4OSQyNjEyMjIjNDEjJDEjJDgjJDgz,부천세종병원,종합병원,급성심근경색,47.0,1.0,47.0,241.00852744197792,0.0008084863960770094,2.666203441816183e-05,0.9991841523921049,0.33251748572543827,,,,,,,,,,내과·응급의학과 전문의 각각 1명 이상; 특수진료 응급의료기관 포함; 심장혈관흉부외과 전문의 1명 이상; 특수진료 경피적 좌심방이 폐색술·경피적 대동맥판삽입·심실 보조장치·심장질환자 재택의료 포함
116,False,,JDQ4MTYyMiM1MSMkMSMkOCMkODkkMzgxMzUxIzExIyQxIyQzIyQ5OSQyNjEyMjIjNjEjJDEjJDQjJDgz,의료법인 명지의료재단 명지병원,종합병원,급성심근경색,17.0,1.0,17.0,147.37598390045684,0.0007816391734241589,2.5776674345468444e-05,0.9992099290664503,0.3266953091834094,,,,,,,,,,내과·응급의학과 전문의 각각 1명 이상; 특수진료 응급의료기관 포함; 특수진료 심장질환자 재택의료 포함
117,False,,JDQ4MTYyMiM1MSMkMSMkMCMkODkkMzgxMzUxIzExIyQxIyQ3IyQ2MiQyNjEwMDIjNDEjJDEjJDgjJDgz,학교법인 을지학원 의정부을지대학교병원,종합병원,급성심근경색,49.0,1.0,49.0,250.54466468897877,0.0007799722490505953,2.5721702987587748e-05,0.9992356507694379,0.3208730776700227,,,,,,,,,,내과·응급의학과 전문의 각각 1명 이상; 특수진료 응급의료기관 포함; 심장혈관흉부외과 전문의 1명 이상; 특수진료 경피적 대동맥판삽입 포함
118,False,,JDQ4MTg4MSM1MSMkMSMkMCMkODkkMzgxMzUxIzExIyQxIyQzIyQwMyQyNjEwMDIjODEjJDEjJDIjJDgz,인제대학교 상계백병원,종합병원,급성심근경색,44.0,1.0,44.0,240.4725010899312,0.0007602574941453671,2.5071555407641635e-05,0.9992607223248455,0.31505019600905604,,,,,,,,,,내과·응급의학과 전문의 각각 1명 이상; 특수진료 응급의료기관 포함; 심장혈관흉부외과 전문의 1명 이상
119,False,,JDQ4MTYyMiM2MSMkMSMkNiMkODkkMzgxMzUxIzExIyQxIyQzIyQ5OSQyNjEyMjIjNTEjJDEjJDIjJDgz,의료법인 오성의료재단 동군산병원,종합병원,급성심근경색,21.0,1.0,21.0,168.27631562279,0.0007407254908697017,2.4427434558956587e-05,0.9992851497594045,0.3092266702272408,,,,,,,,,,내과·응급의학과 전문의 각각 1명 이상; 특수진료 응급의료기관 포함; 심장혈관흉부외과 전문의 1명 이상
120,False,,JDQ4MTYyMiM1MSMkMSMkNCMkODkkMzgxMzUxIzExIyQxIyQzIyQ4OSQyNjEyMjIjNjEjJDEjJDAjJDgz,한림대학교춘천성심병원,종합병원,급성심근경색,41.0,1.0,41.0,236.54976905396748,0.0007321021575798381,2.4143056726392876e-05,0.9993092928161309,0.30340286006759287,,,,,,,,,,내과·응급의학과 전문의 각각 1명 이상; 특수진료 응급의료기관 포함; 심장혈관흉부외과 전문의 1명 이상
121,False,,JDQ4MTYyMiM1MSMkMSMkMCMkODkkMzgxMzUxIzExIyQxIyQ3IyQ4OSQyNjEyMjIjNzEjJDEjJDgjJDgz,효산의료재단 지샘병원,종합병원,급성심근경색,36.0,1.0,36.0,221.67666683355148,0.0007319321042555765,2.4137448756232362e-05,0.9993334302648871,0.29757904429997484,,,,,,,,,,내과·응급의학과 전문의 각각 1명 이상; 특수진료 응급의료기관 포함; 심장혈관흉부외과 전문의 1명 이상
122,False,,JDQ4MTYyMiM1MSMkMSMkMCMkODkkMzgxMzUxIzExIyQxIyQzIyQ5MiQzNjEwMDIjODEjJDEjJDYjJDgz,국군수도병원,종합병원,급성심근경색,31.0,1.0,31.0,213.06186883355792,0.0006822486037899284,2.2499000408978176e-05,0.999355929265296,0.2917535900840095,,,,,,,,,,내과·응급의학과 전문의 각각 1명 이상; 특수진료 응급의료기관 포함; 심장혈관흉부외과 전문의 1명 이상
123,False,,JDQ4MTg4MSM1MSMkMSMkMCMkODkkMzgxMzUxIzExIyQxIyQzIyQ4OSQzNjE0ODEjNDEjJDEjJDgjJDgz,삼육서울병원,종합병원,급성심근경색,37.0,1.0,37.0,234.88289548366748,0.0006700839600020843,2.2097838246040202e-05,0.9993780271035421,0.2859277347058813,,,,,,,,,,내과·응급의학과 전문의 각각 1명 이상; 특수진료 응급의료기관 포함; 심장혈관흉부외과 전문의 1명 이상; 특수진료 경피적 좌심방이 폐색술 포함
124,False,,JDQ4MTYyMiM1MSMkMSMkMCMkODkkMzgxMzUxIzExIyQyIyQ3IyQwMCQ0NjEwMDIjODEjJDEjJDYjJDgz,의료법인 명인의료재단 화홍병원,종합병원,급성심근경색,30.0,1.0,30.0,212.67118491442397,0.0006626674373178441,2.1853258270384736e-05,0.9993998803618125,0.2801016347477774,,,,,,,,,,내과·응급의학과 전문의 각각 1명 이상; 특수진료 응급의료기관 포함; 심장혈관흉부외과 전문의 1명 이상
125,False,,JDQ4MTYyMiM3MSMkMSMkMCMkODkkMzgxMzUxIzExIyQxIyQzIyQ4MiQzNjE0ODEjNDEjJDEjJDgjJDgz,첨단종합병원,종합병원,급성심근경색,20.0,1.0,20.0,174.55702242264758,0.0006556286022665141,2.162113357006455e-05,0.9994215014953826,0.27427530266497324,,,,,,,,,,내과·응급의학과 전문의 각각 1명 이상; 특수진료 응급의료기관 포함; 심장혈관흉부외과 전문의 1명 이상
126,False,,JDQ4MTg4MSM1MSMkMSMkMCMkODkkMzgxMzUxIzExIyQxIyQ3IyQ3OSQyNjEwMDIjNjEjJDEjJDgjJDgz,노원을지대학교병원,종합병원,급성심근경색,37.0,1.0,37.0,239.0242750291435,0.0006470746578368505,2.133904402359677e-05,0.9994428405394061,0.2684486884926225,,,,,,,,,,내과·응급의학과 전문의 각각 1명 이상; 특수진료 응급의료기관 포함; 심장혈관흉부외과 전문의 1명 이상
127,False,,JDQ4MTYyMiM3MSMkMSMkMCMkODkkMzgxMzUxIzExIyQxIyQ3IyQ3OSQ0NjE0ODEjNzEjJDEjJDgjJDgz,광주병원,종합병원,급성심근경색,18.0,1.0,18.0,169.87568584381532,0.0006230155704141012,2.0545630281513464e-05,0.9994633861696877,0.2626212809065298,,,,,,,,,,내과·응급의학과 전문의 각각 1명 이상; 특수진료 응급의료기관 포함; 심장혈관흉부외과 전문의 1명 이상
128,False,,JDQ4MTYyMiM3MSMkMSMkMCMkODkkMzgxMzUxIzExIyQxIyQzIyQ2MiQyNjE4MzIjODEjJDEjJDYjJDgz,목포한국병원,종합병원,급성심근경색,33.0,1.0,33.0,230.7063032638491,0.000619467618859978,2.042862694427859e-05,0.999483814796632,0.2567937563170998,,,,,,,,,,내과·응급의학과 전문의 각각 1명 이상; 특수진료 응급의료기관 포함; 심장혈관흉부외과 전문의 1명 이상
129,False,,JDQ4MTg4MSM1MSMkMSMkMCMkODkkMzgxMzUxIzExIyQxIyQ3IyQ4OSQ0NjEwMDIjODEjJDEjJDYjJDgz,의료법인한전의료재단 한일병원,종합병원,급성심근경색,35.0,1.0,35.0,241.9877641877234,0.0005972035289259521,1.9694408118840858e-05,0.9995035092047508,0.25096549750884445,,,,,,,,,,내과·응급의학과 전문의 각각 1명 이상; 특수진료 응급의료기관 포함; 심장혈관흉부외과 전문의 1명 이상
130,False,,JDQ4MTYyMiM1MSMkMSMkMCMkODkkMzgxMzUxIzExIyQxIyQzIyQwMyQ0NjE0ODEjNDEjJDEjJDgjJDgz,동국대학교일산불교병원,종합병원,급성심근경색,39.0,1.0,39.0,256.5865466023031,0.0005919137011327387,1.9519961682421943e-05,0.9995230291664332,0.2451370642541525,,,,,,,,,,내과·응급의학과 전문의 각각 1명 이상; 특수진료 응급의료기관 포함; 심장혈관흉부외과 전문의 1명 이상
131,False,,JDQ4MTYyMiM1MSMkMSMkMCMkODkkMzgxMzUxIzExIyQxIyQzIyQwMyQyNjE4MzIjNDEjJDEjJDQjJDgz,한림병원,종합병원,급성심근경색,36.0,1.0,36.0,248.5949765865395,0.0005820609646968227,1.919504094257755e-05,0.9995422242073758,0.2393083060787209,,,,,,,,,,내과·응급의학과 전문의 각각 1명 이상; 특수진료 응급의료기관 포함; 심장혈관흉부외과 전문의 1명 이상
132,False,,JDQ4MTYyMiM3MSMkMSMkMCMkODkkMzgxMzUxIzExIyQxIyQzIyQwMyQyNjEwMDIjNDEjJDEjJDgjJDgz,KS병원,종합병원,급성심근경색,18.0,1.0,18.0,176.6568090771398,0.0005761296143196813,1.899943855684927e-05,0.9995612236459327,0.23347935230090344,,,,,,,,,,내과·응급의학과 전문의 각각 1명 이상; 특수진료 응급의료기관 포함; 심장혈관흉부외과 전문의 1명 이상
133,False,,JDQ4MTYyMiM1MSMkMSMkMCMkODkkMzgxMzUxIzExIyQxIyQ3IyQ3OSQ0NjE0ODEjODEjJDEjJDYjJDgz,의료법인우리의료재단김포우리병원,종합병원,급성심근경색,38.0,1.0,38.0,258.27791640516415,0.00056921038265503,1.8771258102997085e-05,0.9995799949040357,0.22765017034263224,,,,,,,,,,내과·응급의학과 전문의 각각 1명 이상; 특수진료 응급의료기관 포함; 심장혈관흉부외과 전문의 1명 이상
134,False,,JDQ4MTYyMiM2MSMkMSMkMiMkODkkMzgxMzUxIzExIyQxIyQzIyQ4OSQzNjEwMDIjNjEjJDEjJDgjJDgz,충청남도 천안의료원,종합병원,급성심근경색,15.0,1.0,15.0,162.2784293120878,0.0005688982354823195,1.87609642023171e-05,0.999598755868238,0.2218209780904602,,,,,,,,,,내과·응급의학과 전문의 각각 1명 이상; 특수진료 응급의료기관 포함; 심장혈관흉부외과 전문의 1명 이상
135,False,,JDQ4MTYyMiM1MSMkMSMkMCMkODkkMzgxMzUxIzExIyQxIyQ3IyQ3OSQyNjE0ODEjNTEjJDEjJDYjJDgz,현대병원,종합병원,급성심근경색,33.0,1.0,33.0,240.96147179766098,0.0005678822995233463,1.8727460955217053e-05,0.9996174833291932,0.2159917523350412,,,,,,,,,,내과·응급의학과 전문의 각각 1명 이상; 특수진료 응급의료기관 포함; 심장혈관흉부외과 전문의 1명 이상
136,False,,JDQ4MTYyMiM1MSMkMSMkMCMkODkkMzgxMzUxIzExIyQxIyQzIyQ3MiQ0NjEwMDIjNzEjJDEjJDgjJDgz,효산의료재단 안양샘병원,종합병원,급성심근경색,29.0,1.0,29.0,225.90967647247612,0.0005677327280325035,1.8722528429133528e-05,0.9996362058576224,0.21016252164709603,,,,,,,,,,내과·응급의학과 전문의 각각 1명 이상; 특수진료 응급의료기관 포함; 심장혈관흉부외과 전문의 1명 이상
137,False,,JDQ4MTYyMiM1MSMkMSMkMCMkODkkMzgxMzUxIzExIyQxIyQzIyQ4OSQ0NjE0ODEjNDEjJDEjJDQjJDgz,의료법인 녹산의료재단동수원병원,종합병원,급성심근경색,24.0,1.0,24.0,209.85542657310512,0.0005444487858621164,1.7954677206713925e-05,0.999654160534829,0.2043325231079285,,,,,,,,,,내과·응급의학과 전문의 각각 1명 이상; 특수진료 응급의료기관 포함; 심장혈관흉부외과 전문의 1명 이상
138,False,,JDQ4MTYyMiM2MSMkMSMkNiMkODkkMzgxMzUxIzExIyQxIyQzIyQ3OSQ0NjEwMDIjNjEjJDEjJDQjJDgz,전북특별자치도 군산의료원,종합병원,급성심근경색,15.0,1.0,15.0,170.42900904862037,0.0005158158966962675,1.7010429931638486e-05,0.9996711709647607,0.1985015803214858,,,,,,,,,,내과·응급의학과 전문의 각각 1명 이상; 특수진료 응급의료기관 포함; 심장혈관흉부외과 전문의 1명 이상
139,False,,JDQ4MTYyMiM1MSMkMSMkOCMkODkkMzgxMzUxIzExIyQxIyQzIyQ3OSQyNjEwMDIjNTEjJDEjJDIjJDgz,충청북도 청주의료원,종합병원,급성심근경색,9.0,1.0,9.0,132.4543184607429,0.0005122178952498575,1.6891776063291095e-05,0.999688062740824,0.19267051888117492,,,,,,,,,,내과·응급의학과 전문의 각각 1명 이상; 특수진료 응급의료기관 포함; 심장혈관흉부외과 전문의 1명 이상
140,False,,JDQ4MTYyMiM1MSMkMSMkMCMkODkkMzgxMzUxIzExIyQxIyQ3IyQ2MiQyNjE0ODEjNTEjJDEjJDIjJDgz,의료법인 플러스의료재단 단원병원,종합병원,급성심근경색,26.0,1.0,26.0,225.2138055162024,0.0005121506666583621,1.688955901792208e-05,0.9997049522998419,0.1868394552238185,,,,,,,,,,내과·응급의학과 전문의 각각 1명 이상; 특수진료 응급의료기관 포함; 심장혈관흉부외과 전문의 1명 이상
141,False,,JDQ4MTYyMiM1MSMkMSMkMCMkODkkMzgxMzUxIzExIyQyIyQ3IyQwMCQzNjEyMjIjNjEjJDEjJDAjJDgz,성남시의료원,종합병원,급성심근경색,24.0,1.0,24.0,218.24027226177512,0.0005034351637097564,1.660214164056749e-05,0.9997215544414825,0.18100810414908486,,,,,,,,,,내과·응급의학과 전문의 각각 1명 이상; 특수진료 응급의료기관 포함; 심장혈관흉부외과 전문의 1명 이상
142,False,,JDQ4MTYyMiM1MSMkMSMkMCMkODkkMzgxMzUxIzExIyQxIyQzIyQ5MiQyNjEyMjIjNjEjJDEjJDAjJDgz,의료법인루가의료재단 나은병원,종합병원,급성심근경색,30.0,1.0,30.0,248.42372351893604,0.0004857195131760939,1.6017919955996753e-05,0.9997375723614385,0.17517616885266651,,,,,,,,,,내과·응급의학과 전문의 각각 1명 이상; 특수진료 응급의료기관 포함; 심장혈관흉부외과 전문의 1명 이상; 특수진료 심장질환자 재택의료 포함
143,False,,JDQ4MTYyMiM1MSMkMSMkMCMkODkkMzgxMzUxIzExIyQxIyQzIyQwMyQ0NjEwMDIjODEjJDEjJDYjJDgz,대아의료재단한도병원,종합병원,급성심근경색,23.0,1.0,23.0,228.22592738404038,0.00044118158381693546,1.4549160789176543e-05,0.9997521215222276,0.16934276479708144,,,,,,,,,,내과·응급의학과 전문의 각각 1명 이상; 특수진료 응급의료기관 포함; 심장혈관흉부외과 전문의 1명 이상
144,False,,JDQ4MTYyMiM1MSMkMSMkMCMkODkkMzgxMzUxIzExIyQxIyQzIyQxMyQzNjEyMjIjNDEjJDEjJDgjJDgz,오산한국병원,종합병원,급성심근경색,17.0,1.0,17.0,196.31382604533533,0.00044066119742478563,1.4531999634745789e-05,0.9997666535218623,0.16350934358034186,,,,,,,,,,내과·응급의학과 전문의 각각 1명 이상; 특수진료 응급의료기관 포함; 심장혈관흉부외과 전문의 1명 이상
145,False,,JDQ4MTYyMiM4MSMkMSMkOCMkODkkMzgxMzUxIzExIyQxIyQzIyQ4OSQyNjE0ODEjNTEjJDEjJDYjJDgz,제주대학교병원,종합병원,급성심근경색,45.0,1.0,45.0,326.82460007174814,0.000421034139042286,1.3884744085783365e-05,0.9997805382659481,0.15767527510805346,,,,,,,,,,내과·응급의학과 전문의 각각 1명 이상; 특수진료 응급의료기관 포함; 심장혈관흉부외과 전문의 1명 이상; 특수진료 심장질환자 재택의료 포함
146,False,,JDQ4MTYyMiM2MSMkMSMkMiMkODkkMzgxMzUxIzExIyQxIyQzIyQ4OSQyNjEyMjIjNDEjJDEjJDgjJDgz,충청남도 홍성의료원,종합병원,급성심근경색,15.0,1.0,15.0,190.83789303824037,0.0004114404698406378,1.3568366791506122e-05,0.9997941066327397,0.1518408902584707,,,,,,,,,,내과·응급의학과 전문의 각각 1명 이상; 특수진료 응급의료기관 포함; 특수진료 심장질환자 재택의료 포함
147,False,,JDQ4MTg4MSM1MSMkMSMkMCMkODkkMzgxMzUxIzExIyQxIyQ3IyQ2MiQyNjEwMDIjNjEjJDEjJDQjJDgz,혜민병원,종합병원,급성심근경색,21.0,1.0,21.0,229.21741955048378,0.00039934219661718164,1.3169393378163259e-05,0.9998072760261179,0.14600610643547463,,,,,,,,,,내과·응급의학과 전문의 각각 1명 이상; 특수진료 응급의료기관 포함; 심장혈관흉부외과 전문의 1명 이상
148,False,,JDQ4MTYyMiM1MSMkMSMkMCMkODkkMzgxMzUxIzExIyQxIyQ3IyQ2MiQyNjE4MzIjNzEjJDEjJDgjJDgz,의료법인 토마스의료재단 윌스기념병원,종합병원,급성심근경색,16.0,1.0,16.0,209.34901492073362,0.0003647231569854365,1.202773653561896e-05,0.9998193037626535,0.14017018095563594,,,,,,,,,,내과·응급의학과 전문의 각각 1명 이상; 특수진료 응급의료기관 포함; 심장혈관흉부외과 전문의 1명 이상
149,False,,JDQ4MTYyMiM1MSMkMSMkMCMkODkkMzgxMzUxIzExIyQxIyQ3IyQ4OSQyNjE0ODEjNDEjJDEjJDgjJDgz,의료법인인봉의료재단뉴고려병원,종합병원,급성심근경색,25.0,1.0,25.0,261.9480499549,0.00036406434186877487,1.200601031808349e-05,0.9998313097729715,0.13433423374957976,,,,,,,,,,내과·응급의학과 전문의 각각 1명 이상; 특수진료 응급의료기관 포함; 심장혈관흉부외과 전문의 1명 이상
150,False,,JDQ4MTYyMiM4MSMkMSMkOCMkODkkMzgxMzUxIzExIyQxIyQzIyQ3OSQyNjEyMjIjNTEjJDEjJDIjJDgz,제주한라병원,종합병원,급성심근경색,39.0,1.0,39.0,327.95813137115,0.0003623789759678135,1.1950430800757452e-05,0.9998432602037722,0.12849823096400614,,,,,,,,,,내과·응급의학과 전문의 각각 1명 이상; 특수진료 응급의료기관 포함; 심장혈관흉부외과 전문의 1명 이상
151,False,,JDQ4MTg4MSM1MSMkMSMkMCMkODkkMzgxMzUxIzExIyQyIyQ3IyQwMCQzNjE4MzIjNzEjJDEjJDgjJDgz,서울특별시서남병원,종합병원,급성심근경색,21.0,1.0,21.0,241.10677609253887,0.0003609443821025545,1.1903121172299614e-05,0.9998551633249445,0.1226621808688042,,,,,,,,,,내과·응급의학과 전문의 각각 1명 이상; 특수진료 응급의료기관 포함; 심장혈관흉부외과 전문의 1명 이상
152,False,,JDQ4MTYyMiM2MSMkMSMkMiMkODkkMzgxMzUxIzExIyQxIyQzIyQ4OSQ0NjE0ODEjNDEjJDEjJDgjJDgz,서산중앙병원,종합병원,급성심근경색,14.0,1.0,14.0,213.42387289747478,0.00030706842363525456,1.0126415137496049e-05,0.999865289740082,0.11682435406756742,,,,,,,,,,내과·응급의학과 전문의 각각 1명 이상; 특수진료 응급의료기관 포함; 심장혈관흉부외과 전문의 1명 이상
153,False,,JDQ4MTYyMiM2MSMkMSMkMiMkODkkMzgxMzUxIzExIyQxIyQzIyQ4OSQzNjEyMjIjNjEjJDEjJDAjJDgz,충청남도 서산의료원,종합병원,급성심근경색,14.0,1.0,14.0,216.16819834254474,0.0002993248069545407,9.871048349057745e-06,0.9998751607884311,0.11098627189954224,,,,,,,,,,내과·응급의학과 전문의 각각 1명 이상; 특수진료 응급의료기관 포함; 심장혈관흉부외과 전문의 1명 이상
154,False,,JDQ4MTYyMiM3MSMkMSMkMCMkODkkMzgxMzUxIzExIyQxIyQ3IyQ4OSQyNjE0ODEjODEjJDEjJDYjJDgz,동아병원,종합병원,급성심근경색,9.0,1.0,9.0,174.43851330981965,0.0002954336530959174,9.742726983839504e-06,0.9998849035154149,0.10514806141015176,,,,,,,,,,내과·응급의학과 전문의 각각 1명 이상; 특수진료 응급의료기관 포함; 심장혈관흉부외과 전문의 1명 이상
155,False,,JDQ4MTYyMiM3MSMkMSMkMCMkODkkMzgxMzUxIzExIyQxIyQ3IyQ3OSQzNjEyMjIjNDEjJDEjJDgjJDgz,광주센트럴병원,종합병원,급성심근경색,9.0,1.0,9.0,177.5747427104958,0.00028509599669362815,9.401814691266169e-06,0.9998943053301061,0.09930951000846877,,,,,,,,,,내과·응급의학과 전문의 각각 1명 이상; 특수진료 응급의료기관 포함; 심장혈관흉부외과 전문의 1명 이상
156,False,,JDQ4MTYyMiM1MSMkMSMkNCMkODkkMzgxMzUxIzExIyQxIyQzIyQ3OSQzNjEyMjIjNDEjJDEjJDQjJDgz,강원특별자치도삼척의료원,종합병원,급성심근경색,9.0,1.0,9.0,181.66018051236193,0.0002724237825630107,8.983914017928608e-06,0.9999032892441241,0.09347054070611238,,,,,,,,,,내과·응급의학과 전문의 각각 1명 이상; 특수진료 응급의료기관 포함; 심장혈관흉부외과 전문의 1명 이상
157,False,,JDQ4MTYyMiM1MSMkMSMkNCMkODkkMzgxMzUxIzExIyQxIyQzIyQ3OSQ0NjEwMDIjNjEjJDEjJDAjJDgz,의료법인 강릉동인병원,종합병원,급성심근경색,12.0,1.0,12.0,213.343491113042,0.000263399784124758,8.68632316405948e-06,0.9999119755672882,0.08763127381290226,,,,,,,,,,내과·응급의학과 전문의 각각 1명 이상; 특수진료 응급의료기관 포함; 심장혈관흉부외과 전문의 1명 이상
158,False,,JDQ4MTYyMiM3MSMkMSMkMCMkODkkMzgxMzUxIzExIyQxIyQzIyQ3MiQyNjEwMDIjNDEjJDEjJDQjJDgz,광주씨티병원,종합병원,급성심근경색,8.0,1.0,8.0,175.39057726170688,0.0002597660448292986,8.566490743090782e-06,0.9999205420580313,0.08179188708727103,,,,,,,,,,내과·응급의학과 전문의 각각 1명 이상; 특수진료 응급의료기관 포함; 심장혈관흉부외과 전문의 1명 이상
159,False,,JDQ4MTg4MSM1MSMkMSMkMCMkODkkMzgxMzUxIzExIyQyIyQ3IyQwMCQ0NjE0ODEjNjEjJDEjJDQjJDgz,구로성심병원,종합병원,급성심근경색,13.0,1.0,13.0,238.14098740258638,0.00022903950244316108,7.553199567598604e-06,0.9999280952575988,0.0759514870704644,,,,,,,,,,내과·응급의학과 전문의 각각 1명 이상; 특수진료 응급의료기관 포함; 심장혈관흉부외과 전문의 1명 이상
160,False,,JDQ4MTg4MSM1MSMkMSMkMCMkODkkMzgxMzUxIzExIyQxIyQzIyQ4OSQyNjE0ODEjODEjJDEjJDYjJDgz,서울적십자병원,종합병원,급성심근경색,13.0,1.0,13.0,238.27019927026538,0.00022879126167408672,7.545013154121313e-06,0.999935640270753,0.07011107886724421,,,,,,,,,,내과·응급의학과 전문의 각각 1명 이상; 특수진료 응급의료기관 포함; 심장혈관흉부외과 전문의 1명 이상
161,False,,JDQ4MTYyMiM1MSMkMSMkMCMkODkkMzgxMzUxIzExIyQxIyQ3IyQ4OSQzNjEyMjIjNDEjJDEjJDQjJDgz,현대유비스병원,종합병원,급성심근경색,14.0,1.0,14.0,248.53766876718942,0.00022646139868823335,7.468179595239133e-06,0.9999431084503483,0.0642705938304653,,,,,,,,,,내과·응급의학과 전문의 각각 1명 이상; 특수진료 응급의료기관 포함; 심장혈관흉부외과 전문의 1명 이상; 특수진료 심장질환자 재택의료 포함
162,False,,JDQ4MTYyMiM1MSMkMSMkMCMkODkkMzgxMzUxIzExIyQyIyQ3IyQwMCQzNjE0ODEjODEjJDEjJDIjJDgz,추병원,종합병원,급성심근경색,14.0,1.0,14.0,250.63398718868928,0.00022269046486777456,7.343822812246206e-06,0.9999504522731605,0.05842998443690317,,,,,,,,,,내과·응급의학과 전문의 각각 1명 이상; 특수진료 응급의료기관 포함; 심장혈관흉부외과 전문의 1명 이상
163,False,,JDQ4MTYyMiM3MSMkMSMkMCMkODkkMzgxMzUxIzExIyQxIyQ3IyQ3OSQzNjE4MzIjODEjJDEjJDYjJDgz,상무병원,종합병원,급성심근경색,7.0,1.0,7.0,177.2072356368249,0.00022266149582496743,7.342867479391958e-06,0.9999577951406399,0.052589374088008345,,,,,,,,,,내과·응급의학과 전문의 각각 1명 이상; 특수진료 응급의료기관 포함; 심장혈관흉부외과 전문의 1명 이상
164,False,,JDQ4MTYyMiM1MSMkMSMkMCMkODkkMzgxMzUxIzExIyQxIyQzIyQ3OSQyNjEwMDIjNjEjJDEjJDQjJDgz,인천광역시의료원,종합병원,급성심근경색,13.0,1.0,13.0,248.28439203849865,0.0002107146581529221,6.9488880645918545e-06,0.9999647440287045,0.04674836975969865,,,,,,,,,,내과·응급의학과 전문의 각각 1명 이상; 특수진료 응급의료기관 포함; 심장혈관흉부외과 전문의 1명 이상
165,False,,JDQ4MTYyMiM3MSMkMSMkMCMkODkkMzgxMzUxIzExIyQxIyQzIyQ4MiQzNjEyMjIjODEjJDEjJDIjJDgz,목포기독병원,종합병원,급성심근경색,10.0,1.0,10.0,230.65086021710883,0.0001878076777206418,6.1934681791551645e-06,0.9999709374968837,0.04090661001150364,,,,,,,,,,내과·응급의학과 전문의 각각 1명 이상; 특수진료 응급의료기관 포함; 심장혈관흉부외과 전문의 1명 이상
166,False,,JDQ4MTYyMiM1MSMkMSMkMCMkODkkMzgxMzUxIzExIyQxIyQzIyQ3OSQyNjEyMjIjNTEjJDEjJDYjJDgz,인천기독병원,종합병원,급성심근경색,11.0,1.0,11.0,249.9723174776308,0.00017589822115596031,5.80072150788168e-06,0.9999767382183916,0.035064457516637226,,,,,,,,,,내과·응급의학과 전문의 각각 1명 이상; 특수진료 응급의료기관 포함; 심장혈관흉부외과 전문의 1명 이상
167,False,,JDQ4MTYyMiM4MSMkMSMkOCMkODkkMzgxMzUxIzExIyQxIyQzIyQ4OSQyNjEyMjIjNDEjJDEjJDQjJDgz,의료법인 혜인의료재단 한국병원,종합병원,급성심근경색,15.0,1.0,15.0,325.30646931469573,0.0001416572783603266,4.671533435259443e-06,0.9999814097518269,0.02922117583369832,,,,,,,,,,내과·응급의학과 전문의 각각 1명 이상; 특수진료 응급의료기관 포함; 심장혈관흉부외과 전문의 1명 이상
168,False,,JDQ4MTYyMiM1MSMkMSMkMCMkODkkMzgxMzUxIzExIyQxIyQ3IyQ3OSQzNjE0ODEjNjEjJDEjJDgjJDgz,순천의료재단 성남정병원,종합병원,급성심근경색,6.0,1.0,6.0,218.32398653998362,0.00012576233486571038,4.147354509572451e-06,0.9999855571063365,0.023377369971833595,,,,,,,,,,내과·응급의학과 전문의 각각 1명 이상; 특수진료 응급의료기관 포함; 심장혈관흉부외과 전문의 1명 이상
169,False,,JDQ4MTYyMiM4MSMkMSMkOCMkODkkMzgxMzUxIzExIyQxIyQzIyQ3OSQ0NjEwMDIjNDEjJDEjJDQjJDgz,제주특별자치도 서귀포의료원,종합병원,급성심근경색,15.0,1.0,15.0,345.5409420645368,0.00012555699086790043,4.140582733617113e-06,0.9999896976890701,0.01753355733819295,,,,,,,,,,내과·응급의학과 전문의 각각 1명 이상; 특수진료 응급의료기관 포함; 심장혈관흉부외과 전문의 1명 이상
170,False,,JDQ4MTYyMiM1MSMkMSMkMCMkODkkMzgxMzUxIzExIyQxIyQzIyQwMyQzNjEwMDIjNjEjJDEjJDgjJDgz,의료법인대인의료재단 다니엘종합병원,종합병원,급성심근경색,7.0,1.0,7.0,244.87980235982062,0.00011663730601589755,3.846431903526207e-06,0.9999935441209736,0.01168945055372217,,,,,,,,,,내과·응급의학과 전문의 각각 1명 이상; 특수진료 응급의료기관 포함; 심장혈관흉부외과 전문의 1명 이상
171,False,,JDQ4MTYyMiM1MSMkMSMkMCMkODkkMzgxMzUxIzExIyQyIyQzIyQwMCQyNjEyMjIjNjEjJDEjJDQjJDgz,경기도의료원파주병원,종합병원,급성심근경색,7.0,1.0,7.0,264.85941496868173,9.971014037056458e-05,3.2882126493400106e-06,0.999996832333623,0.0058447855499973445,,,,,,,,,,내과·응급의학과 전문의 각각 1명 이상; 특수진료 응급의료기관 포함; 심장혈관흉부외과 전문의 1명 이상
172,False,,JDQ4MTYyMiM3MSMkMSMkMCMkODkkMzgxMzUxIzExIyQxIyQzIyQwMyQyNjE4MzIjODEjJDEjJDIjJDgz,해남우리종합병원,종합병원,급성심근경색,5.0,1.0,5.0,228.0526769571381,9.60547545862469e-05,3.1676663766184914e-06,0.9999999999999997,-3.3306690738754696e-16,,,,,,,,,,내과·응급의학과 전문의 각각 1명 이상; 특수진료 응급의료기관 포함; 심장혈관흉부외과 전문의 1명 이상
